Company Name,Industry,Open,High,Low,Previous Close,Last Traded Price,Change,Percentage Change,Share Volume,Value (Indian Rupee),52 Week High,52 Week Low,365 Day Percentage Change,30 Day Percentage Change,Date,Daily Change,Performance
3M India Ltd.,Diversified,21950.0,21999.0,21126.05,21854.05,21575.0,-279.05,,4159,89653566.68,27800.0,17273.0,-10.18,8.22,2023-01-01 00:00:00.000,,0.7760791366906474
Aarti Drugs Ltd.,Healthcare,400.5,401.8,394.1,403.85,400.0,-3.85,-98.1460023174971,31782,12627306.42,749.75,378.0,-42.92,-5.10,2023-01-01 17:28:19.200,-21175.0,0.5335111703901301
Aavas Financiers Ltd.,Financial Services,1997.1,2004.05,1894.5,2015.45,1943.15,-72.30,385.7875,150704,290772818.72,3340.0,1815.0,-25.69,-9.39,2023-01-02 10:56:38.400,1543.15,0.5817814371257485
ABB India Ltd.,Capital Goods,2260.35,2311.5,2260.35,2300.9,2280.0,-20.90,17.33525461235621,97053,221093527.71,2487.85,1618.05,27.25,-5.21,2023-01-03 04:24:57.600,336.8499999999999,0.9164539662761019
Abbott India Ltd.,Healthcare,18700.4,19200.0,18605.0,18760.4,19199.8,439.40,742.0964912280702,12396,234676981.32,23934.45,15514.0,11.61,5.84,2023-01-03 21:53:16.800,16919.8,0.8021826279693078
Aditya Birla Capital Ltd.,Financial Services,89.0,90.6,88.35,89.4,90.25,0.85,-99.5299430202398,2401323,215182554.03,139.2,85.6,-23.75,-11.57,2023-01-04 15:21:36.000,-19109.55,0.6483477011494253
Aditya Birla Fashion and Retail Ltd.,Consumer Services,235.6,243.5,235.6,237.05,242.2,5.15,168.3656509695291,1014277,243548193.24,322.0,189.35,9.87,-12.62,2023-01-05 08:49:55.200,151.95,0.7521739130434782
Aditya Birla Sun Life AMC Ltd.,Financial Services,400.05,406.7,400.0,400.05,405.9,5.85,67.588769611891,34489,13901826.12,722.9,375.0,-,-5.09,2023-01-06 02:18:14.400,163.7,0.5614884493014248
ACC Ltd.,Construction Materials,2122.95,2174.0,2122.95,2121.95,2171.7,49.75,435.03325942350335,284645,613620612.3,2589.0,1900.0,5.32,-3.48,2023-01-06 19:46:33.600,1765.7999999999997,0.8388180764774044
Adani Enterprises Ltd.,Metals & Mining,2189.9,2242.0,2138.25,2190.9,2229.25,38.35,2.6499976976562145,2141743,4695578770.63,2420.95,1332.75,45.33,1.08,2023-01-07 13:14:52.800,57.55000000000018,0.920816208513187
Adani Green Energy Ltd.,Power,1928.0,1978.9,1902.0,1929.6,1963.25,33.65,-11.932264214421895,1206875,2344656406.25,3050.0,874.8,-,2.15,2023-01-08 06:43:12.000,-266.0,0.6436885245901639
Adani Ports and Special Economic Zone Ltd.,Services,670.0,680.0,656.0,672.05,678.3,6.25,-65.45014644085063,3151179,2105491760.64,924.65,651.95,-4.50,-9.16,2023-01-09 00:11:31.200,-1284.95,0.7335748661655761
Adani Transmission Ltd.,Power,2500.0,2583.7,2226.3,2473.65,2452.0,-21.65,261.49196520713554,741152,1847854989.44,3000.0,863.0,-,20.37,2023-01-09 17:39:50.400,1773.7,0.8173333333333334
Advanced Enzyme Tech Ltd.,Fast Moving Consumer Goods,266.2,268.7,258.4,266.2,264.0,-2.20,-89.23327895595432,40076,10549606.24,435.95,258.4,-35.78,-7.02,2023-01-10 11:08:09.600,-2188.0,0.6055740337194633
Aegis Logistics Ltd.,Oil Gas & Consumable Fuels,208.7,212.6,205.15,209.0,211.45,2.45,-19.905303030303035,247355,51731824.7,386.0,167.25,-39.22,-3.95,2023-01-11 04:36:28.800,-52.55000000000001,0.5477979274611399
Affle (India) Ltd.,Information Technology,1060.0,1060.3,1004.65,1060.3,1010.0,-50.30,377.6542917947506,241660,246983769.8,1511.0,763.02,-,0.78,2023-01-11 22:04:48.000,798.55,0.6684315023163467
AIA Engineering Ltd.,Capital Goods,2233.8,2242.45,2170.2,2223.8,2210.0,-13.80,118.81188118811883,42620,94240491.6,2350.0,1475.05,3.91,-2.37,2023-01-12 15:33:07.200,1200.0,0.9404255319148936
Ajanta Pharmaceuticals Ltd.,Healthcare,1233.0,1275.05,1229.35,1235.6,1265.9,30.30,-42.719457013574655,109740,137293519.2,2435.0,1186.0,-42.50,-27.87,2023-01-13 09:01:26.400,-944.0999999999999,0.5198767967145791
Alkem Laboratories Ltd.,Healthcare,2995.0,3035.0,2970.95,2998.55,3011.25,12.70,137.87423967138005,21837,65524757.31,4070.0,2828.0,-6.28,-4.78,2023-01-14 02:29:45.600,1745.35,0.7398648648648649
Alkyl Amines Chemicals Ltd.,Chemicals,2525.0,2609.9,2506.2,2517.65,2552.85,35.20,-15.222914072229143,26377,67248425.27,4749.0,2506.2,-30.00,-7.77,2023-01-14 19:58:04.800,-458.4000000000001,0.5375552747946936
Allcargo Logistics Ltd.,Services,259.0,271.5,256.0,262.95,269.0,6.05,-89.46275731045694,502907,133391052.68,412.0,152.5,64.50,-17.76,2023-01-15 13:26:24.000,-2283.85,0.6529126213592233
Alok Industries Ltd.,Textiles,22.3,22.3,21.5,22.0,21.55,-0.45,-91.98884758364312,1040692,22645457.92,35.8,18.85,-,-,2023-01-16 06:54:43.200,-247.45,0.6019553072625698
Amara Raja Batteries Ltd.,Automobile and Auto Components,459.1,471.7,456.05,458.7,469.5,10.80,2078.6542923433876,438273,202727558.88,781.6,438.05,-38.43,-8.69,2023-01-17 00:23:02.400,447.95,0.6006908904810645
Amber Enterprises India Ltd.,Consumer Durables,2251.0,2348.2,2251.0,2246.65,2325.0,78.35,395.2076677316294,85424,197744600.64,4025.95,2040.0,-23.22,-14.67,2023-01-17 17:51:21.600,1855.5,0.577503446391535
Ambuja Cements Ltd.,Construction Materials,363.95,368.6,362.1,363.0,367.5,4.50,-84.19354838709677,2763265,1011078663.5,442.5,274.0,6.56,-1.73,2023-01-18 11:19:40.800,-1957.5,0.8305084745762712
Angel One Ltd.,Financial Services,1202.0,1228.0,1185.0,1206.2,1216.05,9.85,230.89795918367346,414524,499671374.84,2022.0,839.05,-,-18.25,2023-01-19 04:48:00.000,848.55,0.6014094955489614
Anupam Rasayan India Ltd.,Chemicals,610.0,626.2,604.6,610.1,620.7,10.60,-48.95769088442087,37228,22843845.36,1107.55,546.75,-19.72,-11.28,2023-01-19 22:16:19.200,-595.3499999999999,0.5604261658615864
APL Apollo Tubes Ltd.,Capital Goods,843.9,855.0,836.0,849.95,845.1,-4.85,36.1527307878202,165325,139906281.25,1114.55,718.08,-47.83,-9.31,2023-01-20 15:44:38.400,224.39999999999998,0.7582432371809251
Alembic Pharmaceuticals Ltd.,Healthcare,727.75,731.6,717.0,728.25,729.9,1.65,-13.631522896698623,63552,46195948.8,1016.7,678.3,-26.01,-0.51,2023-01-21 09:12:57.600,-115.20000000000005,0.717910888167601
Apollo Hospitals Enterprise Ltd.,Healthcare,3680.0,3745.0,3635.2,3683.5,3732.0,48.50,411.30291820797373,316894,1169161399.36,5935.4,3361.55,1.76,-7.43,2023-01-22 02:41:16.800,3002.1,0.6287697543552246
Apollo Tyres Ltd.,Automobile and Auto Components,185.7,190.0,184.3,185.1,188.9,3.80,-94.93837084673098,1276512,238682213.76,250.0,165.25,-17.73,-15.23,2023-01-22 20:09:36.000,-3543.1,0.7556
Aptus Value Housing Finance India Ltd.,Financial Services,276.5,294.7,274.3,281.8,293.65,11.85,55.45262043409209,449163,128519009.19,394.9,220.1,-,-1.38,2023-01-23 13:37:55.200,104.74999999999997,0.7436059761965055
Asahi India Glass Ltd.,Automobile and Auto Components,536.8,549.0,530.25,539.6,548.0,8.40,86.61672058573133,261012,140842075.2,612.9,324.65,60.43,20.85,2023-01-24 07:06:14.400,254.35000000000002,0.8941099689998369
Ashok Leyland Ltd.,Capital Goods,148.0,149.0,144.65,147.8,146.4,-1.40,-73.28467153284672,19976245,2920926543.9,153.5,93.2,20.55,7.49,2023-01-25 00:34:33.600,-401.6,0.9537459283387623
Asian Paints Ltd.,Consumer Durables,2704.9,2780.0,2685.0,2695.2,2769.65,74.45,1791.837431693989,1477191,4055317680.39,3590.0,2560.0,-9.94,-5.75,2023-01-25 18:02:52.800,2623.25,0.7714902506963789
Aster DM Healthcare Ltd.,Healthcare,179.55,179.55,174.3,178.0,176.0,-2.00,-93.6454064592999,92393,16259320.14,237.0,148.4,15.55,-10.84,2023-01-26 11:31:12.000,-2593.65,0.7426160337552743
Astral Ltd.,Capital Goods,1651.0,1664.95,1639.9,1655.5,1657.0,1.50,841.4772727272726,125312,207061789.44,2524.95,1581.55,-16.79,-4.30,2023-01-27 04:59:31.200,1481.0,0.6562506188241352
AstraZenca Pharma India Ltd.,Healthcare,2700.0,2727.0,2664.0,2705.2,2724.0,18.80,64.3934821967411,4613,12434526.02,3675.0,2445.7,-25.09,-10.05,2023-01-27 22:27:50.400,1067.0,0.7412244897959184
Adani Total Gas Ltd.,Oil Gas & Consumable Fuels,2392.55,2442.95,2370.0,2392.9,2389.0,-3.90,-12.298091042584435,436503,1045280639.01,2740.0,774.95,-,-0.21,2023-01-28 15:56:09.600,-335.0,0.871897810218978
Atul Ltd.,Chemicals,7988.55,8070.0,7891.0,8030.8,8012.0,-18.80,235.37044788614483,10672,85048369.6,10969.0,7750.0,-10.55,-1.40,2023-01-29 09:24:28.800,5623.0,0.7304220986416264
AU Small Finance Bank Ltd.,Financial Services,586.0,587.3,563.3,591.7,580.0,-11.70,-92.7608587119321,2741511,1574011125.54,732.98,462.5,-42.88,-52.72,2023-01-30 02:52:48.000,-7432.0,0.7912903489863298
Aurobindo Pharma Ltd.,Healthcare,512.25,524.0,506.5,513.1,522.75,9.65,-9.870689655172416,831959,429032936.71,1013.0,503.45,-46.84,-3.33,2023-01-30 20:21:07.200,-57.25,0.5160414610069102
Avanti Feeds Ltd.,Fast Moving Consumer Goods,432.85,436.5,425.0,432.85,436.0,3.15,-16.5949306551889,142890,61885659.0,674.85,384.2,-20.70,0.87,2023-01-31 13:49:26.400,-86.75,0.6460694969252426
Axis Bank Ltd.,Financial Services,633.0,646.6,631.8,636.8,644.0,7.20,47.706422018348626,6549359,4191262292.05,866.9,618.25,-14.90,-7.06,2023-02-01 07:17:45.600,208.0,0.7428769177529126
Bajaj Auto Ltd.,Automobile and Auto Components,3667.95,3678.7,3601.1,3706.6,3621.7,-84.90,462.37577639751544,756589,2746788798.61,4250.0,3027.05,-10.34,-4.08,2023-02-02 00:46:04.800,2977.7,0.8521647058823529
Bajaj Electricals Ltd,Consumer Durables,1021.0,1048.0,1000.2,1023.95,1042.0,18.05,-71.22898086533948,326410,335030488.1,1588.95,858.55,-0.29,3.41,2023-02-02 18:14:24.000,-2579.7,0.6557789735359829
Bajaj Finserv Ltd.,Financial Services,10920.0,11343.0,10727.2,10931.75,11315.0,383.25,985.8925143953934,408983,4572364502.72,19325.0,10727.2,-9.72,-15.48,2023-02-03 11:42:43.200,10273.0,0.5855109961190168
Bajaj Holdings & Investment Ltd.,Financial Services,4534.9,4655.0,4511.0,4585.2,4570.0,-15.20,-59.61113566062748,59937,275246886.99,6598.0,3586.0,26.86,-10.33,2023-02-04 05:11:02.400,-6745.0,0.6926341315550166
Bajaj Finance Ltd.,Financial Services,5364.0,5633.95,5335.05,5400.5,5617.95,217.45,22.93107221006565,1221890,6717694623.1,8050.0,5220.0,-10.23,-11.21,2023-02-04 22:39:21.600,1047.9499999999998,0.6978819875776398
Balaji Amines Ltd.,Chemicals,2860.0,2897.0,2831.7,2867.3,2889.0,21.70,-48.5755480201853,21727,62488155.62,5223.55,2651.0,7.24,-10.79,2023-02-05 16:07:40.800,-2728.95,0.5530721444228541
Balkrishna Industries Ltd.,Automobile and Auto Components,2125.0,2179.0,2109.5,2149.15,2178.85,29.70,-24.581169955001737,142057,304220747.78,2723.8,1690.55,-4.02,-8.11,2023-02-06 09:36:00.000,-710.1500000000001,0.7999302445113443
Balrampur Chini Mills Ltd.,Fast Moving Consumer Goods,360.0,362.5,354.65,359.45,360.7,1.25,-83.44539550680406,1214196,435192130.32,525.9,297.6,1.05,-11.10,2023-02-07 03:04:19.200,-1818.1499999999999,0.6858718387526146
Bandhan Bank Ltd.,Financial Services,262.5,266.0,259.05,263.5,265.0,1.50,-26.53174383143887,5414612,1423501494.8,349.55,229.55,-20.21,-19.16,2023-02-07 20:32:38.400,-95.69999999999999,0.7581175797453868
Bank of Baroda,Financial Services,97.6,97.8,95.6,97.4,97.35,-0.05,-63.26415094339624,32287305,3114433440.3,122.7,72.5,13.39,-2.84,2023-02-08 14:00:57.600,-167.65,0.7933985330073349
Bank of India,Financial Services,44.2,45.0,43.9,44.35,44.9,0.55,-53.87776065742167,1053018,46711878.48,80.75,40.4,-43.07,-7.51,2023-02-09 07:29:16.800,-52.449999999999996,0.5560371517027863
BASF India Ltd.,Chemicals,2727.0,2759.95,2626.95,2728.55,2720.0,-8.55,5957.906458797328,19400,52420740.0,3930.0,2351.0,4.97,6.81,2023-02-10 00:57:36.000,2675.1,0.6921119592875318
Bata India Ltd.,Consumer Durables,1665.0,1706.95,1650.0,1668.7,1705.0,36.30,-37.31617647058824,122583,206081636.28,2262.0,1550.0,4.51,-11.11,2023-02-10 18:25:55.200,-1015.0,0.7537577365163572
Bayer Cropscience Ltd.,Chemicals,5032.15,5135.0,4982.0,5007.15,5105.0,97.85,199.41348973607037,5806,29271761.84,6130.0,4218.05,-13.50,-7.24,2023-02-11 11:54:14.400,3400.0,0.83278955954323
Bombay Burmah Trading Corporation Ltd.,Fast Moving Consumer Goods,891.0,924.0,891.0,903.25,924.0,20.75,-81.90009794319295,20192,18467603.2,1353.15,839.9,-31.75,-9.45,2023-02-12 05:22:33.600,-4181.0,0.6828511251524221
Brightcom Group Ltd.,Information Technology,32.9,32.9,32.9,31.35,32.9,1.55,-96.43939393939394,821102,27014255.8,122.88,10.73,40.27,-51.17,2023-02-12 22:50:52.800,-891.1,0.2677408854166667
Bharat Dynamics Ltd.,Capital Goods,677.0,679.95,660.05,681.25,668.0,-13.25,1930.3951367781156,693286,462442560.58,904.9,356.85,90.32,-13.07,2023-02-13 16:19:12.000,635.1,0.7382031163664493
Bharat Electronics Ltd.,Capital Goods,233.0,235.5,227.25,234.1,229.7,-4.40,-65.61377245508982,5108014,1175354021.4,259.5,162.35,31.52,-0.28,2023-02-14 09:47:31.200,-438.3,0.8851637764932562
Berger Paints India Ltd.,Consumer Durables,570.45,583.95,563.75,568.3,583.0,14.70,153.80931649978234,1316578,757664307.44,872.95,543.6,-29.41,-7.58,2023-02-15 03:15:50.400,353.3,0.6678503923477862
Bharat Forge Ltd.,Capital Goods,645.15,649.35,635.0,651.8,643.0,-8.80,10.291595197255576,650298,418492774.92,847.95,595.0,-14.45,-7.53,2023-02-15 20:44:09.600,60.0,0.7582994280323132
Bharti Airtel Ltd.,Telecommunication,684.85,685.8,666.0,684.95,673.0,-11.95,4.665629860031095,4488771,3024129910.41,781.8,514.85,30.31,-2.18,2023-02-16 14:12:28.800,30.0,0.8608339728830904
Bharat Heavy Electricals Ltd.,Capital Goods,44.8,45.8,44.4,44.95,45.65,0.70,-93.21693907875186,11083459,499420662.54,80.35,41.4,-31.43,-12.21,2023-02-17 07:40:48.000,-627.35,0.568139390168015
Biocon Ltd.,Healthcare,308.75,312.0,305.0,308.4,311.3,2.90,581.9277108433736,1136834,351054339.2,414.4,305.0,-23.75,-7.69,2023-02-18 01:09:07.200,265.65000000000003,0.7512065637065638
Birla Corporation Ltd.,Construction Materials,874.9,877.1,826.0,870.95,839.9,-31.05,169.8040475425634,120235,101789748.65,1650.0,823.0,-28.19,-10.63,2023-02-18 18:37:26.400,528.5999999999999,0.509030303030303
Blue Dart Express Ltd.,Services,7850.0,7877.0,7730.1,7802.15,7765.55,-36.60,824.5803071794262,16566,129401664.48,7880.0,5306.5,34.59,4.17,2023-02-19 12:05:45.600,6925.650000000001,0.9854758883248731
Blue Star Ltd.,Consumer Durables,892.1,903.75,885.35,903.75,890.9,-12.85,-88.52753507478543,42446,38077882.14,1225.0,758.0,10.75,-11.78,2023-02-20 05:34:04.800,-6874.650000000001,0.727265306122449
Borosil Renewables Ltd.,Capital Goods,603.0,614.8,595.2,601.7,607.7,6.00,-31.78807947019867,469179,284435076.96,833.35,261.2,-,-8.39,2023-02-20 23:02:24.000,-283.19999999999993,0.7292254154916902
Bosch Ltd.,Automobile and Auto Components,15273.0,15731.2,15201.55,15229.6,15650.0,420.40,2475.2838571663647,71619,1114657346.49,19250.0,12932.45,1.36,4.12,2023-02-21 16:30:43.200,15042.3,0.812987012987013
Bharat Petroleum Corporation Ltd.,Oil Gas & Consumable Fuels,308.5,319.25,305.7,308.4,318.5,10.10,-97.96485623003196,4416695,1381939698.55,503.0,293.35,-34.12,-5.46,2023-02-22 09:59:02.400,-15331.5,0.6332007952286283
Brigade Enterprises Ltd.,Realty,439.0,447.45,436.05,444.4,443.5,-0.90,39.24646781789638,140806,62332000.08,554.7,268.7,58.88,-4.36,2023-02-23 03:27:21.600,125.0,0.7995312781683792
Britannia Industries Ltd.,Fast Moving Consumer Goods,3412.0,3600.0,3412.0,3466.4,3575.0,108.60,706.08793686584,292487,1029595188.18,4153.0,3050.0,-5.02,-4.97,2023-02-23 20:55:40.800,3131.5,0.8608235010835541
BSE Ltd.,Financial Services,594.95,604.95,586.45,596.9,600.15,3.25,-83.21258741258741,778640,463088353.6,1046.67,296.33,-33.71,-21.03,2023-02-24 14:24:00.000,-2974.85,0.5733898936627589
Birlasoft Ltd.,Information Technology,353.7,357.1,343.55,353.25,352.1,-1.15,-41.33133383320836,1752456,612360700.08,585.85,316.45,-11.60,-4.68,2023-02-25 07:52:19.200,-248.04999999999995,0.6010070837245028
Computer Age Management Services Ltd.,Financial Services,2258.8,2258.8,2207.0,2257.75,2230.0,-27.75,533.3428003408122,57998,129291461.52,4067.4,2037.15,-19.15,-2.92,2023-02-26 01:20:38.400,1877.9,0.5482617888577469
Canara Bank,Financial Services,181.65,185.7,178.45,181.25,185.5,4.25,-91.68161434977578,5768579,1048958405.36,272.8,142.1,19.36,-11.59,2023-02-26 18:48:57.600,-2044.5,0.6799853372434017
Can Fin Homes Ltd.,Financial Services,427.85,443.4,424.7,426.35,441.45,15.10,137.97843665768195,663285,290260148.85,722.0,406.65,-18.57,-11.86,2023-02-27 12:17:16.800,255.95,0.6114265927977839
Caplin Point Laboratories Ltd.,Healthcare,704.0,714.15,704.0,710.4,711.25,0.85,61.11677426662136,26432,18764605.44,1034.8,626.0,6.49,-4.28,2023-02-28 05:45:36.000,269.8,0.6873308851952068
Carborundum Universal Ltd.,Capital Goods,715.0,721.55,698.35,716.9,710.0,-6.90,-0.17574692442882123,117136,82768297.6,1035.0,590.55,18.25,-0.50,2023-02-28 23:13:55.200,-1.25,0.6859903381642513
Castrol India Ltd.,Oil Gas & Consumable Fuels,103.3,104.15,102.75,103.3,104.0,0.70,-85.35211267605634,228227,23644317.2,150.0,99.05,-27.81,-4.97,2023-03-01 16:42:14.400,-606.0,0.6933333333333334
CCL Products (I) Ltd.,Fast Moving Consumer Goods,380.0,385.15,375.25,383.45,382.3,-1.15,267.59615384615387,132875,50844618.75,514.95,310.0,6.03,8.29,2023-03-02 10:10:33.600,278.3,0.7424021749684435
Central Depository Services (India) Ltd.,Financial Services,1111.4,1117.7,1096.0,1114.4,1105.0,-9.40,189.04002092597435,208635,230664769.65,1734.4,974.0,13.88,-11.38,2023-03-03 03:38:52.800,722.7,0.6371079335793357
Ceat Ltd.,Automobile and Auto Components,933.0,949.0,917.75,929.2,935.55,6.35,-15.334841628959284,29484,27602036.28,1477.75,890.0,-31.66,-8.36,2023-03-03 21:07:12.000,-169.45000000000005,0.6330908475723228
Central Bank of India,Financial Services,16.9,17.0,16.25,16.9,16.8,-0.10,-98.20426487093154,891053,14978600.93,29.65,16.25,-39.86,-10.58,2023-03-04 14:35:31.200,-918.75,0.5666104553119731
Century Plyboards (India) Ltd.,Consumer Durables,526.0,526.35,511.05,525.7,512.1,-13.60,2948.214285714286,35943,18514598.73,749.0,341.8,29.95,-8.41,2023-03-05 08:03:50.400,495.3,0.6837116154873164
Century Textile & Industries Ltd.,Forest Materials,808.0,817.95,797.0,805.7,806.5,0.80,57.4887717242726,156605,126723199.95,1024.0,607.7,30.97,0.98,2023-03-06 01:32:09.600,294.4,0.78759765625
Cera Sanitaryware Ltd,Consumer Durables,4141.7,4160.0,4085.9,4132.75,4111.25,-21.50,409.76441413515187,2801,11566421.39,6450.0,3515.0,-7.85,-1.61,2023-03-06 19:00:28.800,3304.75,0.6374031007751938
CESC Ltd.,Power,70.95,71.9,70.5,71.2,70.75,-0.45,-98.27911219215567,565200,40174416.0,102.45,7.23,-90.75,-8.72,2023-03-07 12:28:48.000,-4040.5,0.6905807711078574
Capri Global Capital Ltd.,Financial Services,685.55,689.15,681.05,687.4,681.15,-6.25,862.7561837455831,16875,11555156.25,805.0,436.85,29.13,2.38,2023-03-08 05:57:07.200,610.4,0.8461490683229813
CG Power and Industrial Solutions Ltd.,Capital Goods,192.0,196.25,188.6,191.65,189.65,-2.00,-72.1573808999486,928649,178430618.86,219.65,71.7,-,5.33,2023-03-08 23:25:26.400,-491.5,0.863419075802413
Chalet Hotels Ltd.,Consumer Services,314.8,331.8,310.05,314.65,327.15,12.50,72.50197732665436,866335,280848480.3,332.7,159.05,77.57,5.92,2023-03-09 16:53:45.600,137.49999999999997,0.9833183047790802
Chambal Fertilizers & Chemicals Ltd.,Chemicals,267.7,272.4,260.8,266.15,271.3,5.15,-17.071679657649387,1548368,412593620.96,516.0,260.8,-13.19,-26.76,2023-03-10 10:22:04.800,-55.849999999999966,0.5257751937984496
Chemplast Sanmar Ltd.,Chemicals,469.8,479.0,460.8,470.15,476.25,6.10,75.5436785845927,98313,46324102.47,826.0,382.7,-,-2.52,2023-03-11 03:50:24.000,204.95,0.5765738498789347
Cholamandalam Investment and Finance Company Ltd.,Financial Services,616.2,643.15,616.05,619.5,637.95,18.45,33.95275590551181,1694794,1067737167.94,768.0,469.25,20.70,-8.84,2023-03-11 21:18:43.200,161.70000000000005,0.8306640625
Cholamandalam Financial Holdings Ltd.,Financial Services,590.25,610.5,586.9,593.2,602.05,8.85,-5.627400266478578,17853,10648243.32,762.3,564.05,-10.42,-4.58,2023-03-12 14:47:02.400,-35.90000000000009,0.7897809261445625
Cipla Ltd.,Healthcare,911.2,956.05,911.2,917.2,948.0,30.80,57.46200481687569,1793834,1677593556.8,1083.0,850.0,-5.63,-7.63,2023-03-13 08:15:21.600,345.95000000000005,0.8753462603878116
Clean Science and Technology Ltd.,Chemicals,1486.95,1490.0,1456.0,1490.05,1458.0,-32.05,53.79746835443038,77405,113280669.4,2705.0,1422.1,-,-14.79,2023-03-14 01:43:40.800,510.0,0.5390018484288355
Coal India Ltd.,Oil Gas & Consumable Fuels,185.0,186.15,176.6,185.6,183.2,-2.40,-87.43484224965707,17248729,3132369186.4,209.0,132.75,26.56,-3.78,2023-03-14 19:12:00.000,-1274.8,0.876555023923445
Cochin Shipyard Ltd.,Capital Goods,310.9,313.0,307.15,311.7,312.85,1.15,70.76965065502185,34795,10809066.75,402.6,280.75,-19.08,-3.53,2023-03-15 12:40:19.200,129.65000000000003,0.7770740188772975
Coforge Ltd.,Information Technology,3538.0,3538.0,3419.9,3539.3,3495.0,-44.30,1017.1487933514463,536217,1852924654.35,6135.0,3218.1,-14.87,-9.52,2023-03-16 06:08:38.400,3182.15,0.5696821515892421
Colgate Palmolive (India) Ltd.,Fast Moving Consumer Goods,1488.8,1520.0,1484.35,1486.85,1515.1,28.25,-56.649499284692425,437561,661491592.97,1823.4,1375.6,-11.80,-8.63,2023-03-16 23:36:57.600,-1979.9,0.8309202588570801
Container Corporation of India Ltd.,Services,596.4,605.0,585.05,594.3,603.15,8.85,-60.1907464853805,1065738,634167396.9,754.4,554.0,-14.90,-8.63,2023-03-17 17:05:16.800,-911.9499999999999,0.7995095440084835
Coromandel International Ltd.,Chemicals,953.0,969.5,932.75,953.15,968.05,14.90,60.49904667164054,366177,349230328.44,983.95,709.35,5.80,0.87,2023-03-18 10:33:36.000,364.9,0.9838406423090603
CreditAccess Grameen Ltd.,Financial Services,1012.95,1025.0,995.15,1015.8,1021.9,6.10,5.562729197872018,159386,160874665.24,1154.0,494.7,35.44,-5.20,2023-03-19 04:01:55.200,53.85000000000002,0.885528596187175
CRISIL Ltd.,Financial Services,3281.2,3398.0,3264.1,3286.7,3269.7,-17.00,219.96281436539778,42577,142348109.87,3863.55,2425.2,29.43,-3.52,2023-03-19 21:30:14.400,2247.7999999999997,0.8462942112823697
Crompton Greaves Consumer Electricals Ltd.,Consumer Durables,339.95,351.1,337.1,340.15,349.8,9.65,-89.30177080466098,517467,179317839.51,512.8,312.0,-21.73,-5.89,2023-03-20 14:58:33.600,-2919.8999999999996,0.6821372854914197
CSB Bank Ltd.,Financial Services,194.5,195.0,190.0,193.1,191.6,-1.50,-45.22584333905088,198621,38345770.26,374.0,178.0,-44.38,2.20,2023-03-21 08:26:52.800,-158.20000000000002,0.5122994652406417
City Union Bank Ltd.,Financial Services,133.0,137.0,130.95,133.05,134.55,1.50,-29.77557411273486,1461281,195154077.55,183.95,109.0,-20.14,-5.03,2023-03-22 01:55:12.000,-57.04999999999998,0.7314487632508835
Cummins India Ltd.,Capital Goods,1016.0,1030.2,1014.0,1024.2,1030.0,5.80,665.5146785581567,149758,153313254.92,1162.0,821.6,13.86,-0.17,2023-03-22 19:23:31.200,895.45,0.8864027538726333
Cyient Ltd.,Information Technology,760.45,766.35,749.1,756.65,756.85,0.20,-26.519417475728158,196910,149269594.6,1292.0,720.0,-11.98,-3.41,2023-03-23 12:51:50.400,-273.15,0.5857972136222911
Dabur India Ltd.,Fast Moving Consumer Goods,492.05,512.7,492.05,495.95,511.3,15.35,-32.4436810464425,1704654,861071875.02,658.95,482.25,-12.80,-4.44,2023-03-24 06:20:09.600,-245.55,0.7759314060247363
Dalmia Bharat Ltd.,Construction Materials,1280.0,1337.8,1272.5,1283.65,1326.0,42.35,159.3389399569724,197336,259368571.6,2548.4,1212.5,-32.12,-5.79,2023-03-24 23:48:28.800,814.7,0.5203264793595982
Dilip Buildcon Ltd.,Construction,190.0,190.75,187.45,190.4,189.75,-0.65,-85.69004524886878,231621,43871333.61,749.8,187.45,-66.80,-16.47,2023-03-25 17:16:48.000,-1136.25,0.2530674846625767
DCM Shriram Ltd.,Diversified,941.5,954.35,936.1,944.45,947.8,3.35,399.4993412384717,26354,24980693.06,1263.85,855.0,3.56,-4.80,2023-03-26 10:45:07.200,758.05,0.7499307671005262
Deepak Nitrite Ltd.,Chemicals,1741.0,1755.95,1681.15,1736.4,1726.2,-10.20,82.12703101920238,894640,1526175322.4,3020.0,1681.15,-3.99,-13.05,2023-03-27 04:13:26.400,778.4000000000001,0.57158940397351
Delta Corp Ltd.,Consumer Services,167.05,174.55,166.0,166.45,172.45,6.00,-90.00984822152705,10179569,1744370943.84,339.7,162.1,-6.09,-23.79,2023-03-27 21:41:45.600,-1553.75,0.507653812187224
Devyani International Ltd.,Consumer Services,156.35,159.7,152.7,155.35,158.0,2.65,-8.379240359524498,1367282,214950403.22,198.9,107.55,-,-8.89,2023-03-28 15:10:04.800,-14.449999999999989,0.7943690296631473
Dhani Services Ltd.,Financial Services,37.6,37.6,34.2,35.85,35.3,-0.55,-77.65822784810126,20638577,751037817.03,242.9,28.5,-79.85,-28.44,2023-03-29 08:38:24.000,-122.7,0.14532729518320295
Divi's Laboratories Ltd.,Healthcare,3590.35,3649.6,3581.05,3630.4,3647.0,16.60,10231.444759206799,304397,1099975087.14,5425.1,3365.55,-17.65,1.09,2023-03-30 02:06:43.200,3611.7,0.6722456728908223
Dixon Technologies (India) Ltd.,Consumer Durables,3575.0,3606.75,3517.0,3575.0,3594.0,19.00,-1.453249245955579,157931,563530973.51,6243.6,3180.55,-19.14,-7.35,2023-03-30 19:35:02.400,-53.0,0.5756294445512204
DLF Ltd.,Realty,310.4,324.4,309.45,312.7,323.0,10.30,-91.01279910962715,5557896,1764076190.4,449.7,279.45,11.24,-9.51,2023-03-31 13:03:21.600,-3271.0,0.7182566155214588
Avenue Supermarts Ltd.,Consumer Services,3394.45,3406.65,3331.1,3406.1,3395.0,-11.10,951.0835913312693,311228,1049656889.64,5900.0,3186.0,1.85,-14.26,2023-04-01 06:31:40.800,3072.0,0.5754237288135593
Dr. Reddy's Laboratories Ltd.,Healthcare,4385.0,4395.0,4290.05,4393.8,4385.0,-8.80,29.160530191458033,304799,1327369165.1,5614.6,3654.0,-18.98,0.55,2023-04-02 00:00:00.000,990.0,0.7809995369215972
Easy Trip Planners Ltd.,Consumer Services,392.2,402.9,390.4,391.4,400.95,9.55,-90.85632839224628,1105653,441277168.83,717.65,261.0,-0.66,2.78,2023-04-02 17:28:19.200,-3984.05,0.5586985299240577
eClerx Services Ltd.,Services,1920.25,1920.25,1888.8,1920.25,1905.2,-15.05,375.17146776406037,12475,23805543.5,2970.0,1755.65,-,-5.53,2023-04-03 10:56:38.400,1504.25,0.6414814814814815
Edelweiss Financial Services Ltd.,Financial Services,52.05,52.5,50.85,51.55,51.85,0.30,-97.27850094478269,613698,31666816.8,100.9,49.4,-28.75,-5.76,2023-04-04 04:24:57.600,-1853.3500000000001,0.5138751238850346
Eicher Motors Ltd.,Automobile and Auto Components,2775.0,2809.8,2750.4,2794.35,2789.0,-5.35,5278.977820636451,367512,1018802065.92,2994.0,2159.55,4.61,0.49,2023-04-04 21:53:16.800,2737.15,0.9315297261189045
E.I.D. Parry (India) Ltd.,Fast Moving Consumer Goods,525.5,532.55,513.0,530.6,529.0,-1.60,-81.03262818214414,228073,119282179.0,576.0,377.3,24.42,-4.51,2023-04-05 15:21:36.000,-2260.0,0.9184027777777778
EIH Ltd.,Consumer Services,124.4,127.95,124.2,124.9,126.9,2.00,-76.01134215500946,162116,20512537.48,171.75,100.0,11.57,-7.58,2023-04-06 08:49:55.200,-402.1,0.7388646288209607
Elgi Equipments Ltd.,Capital Goods,351.5,362.4,344.35,358.5,347.0,-11.50,173.4436564223798,204302,71922476.08,422.3,191.3,73.27,4.11,2023-04-07 02:18:14.400,220.1,0.8216907411792564
Emami Ltd.,Fast Moving Consumer Goods,417.2,429.6,415.35,420.25,424.95,4.70,22.46397694524496,102892,43498621.92,621.8,393.4,-25.00,0.94,2023-04-07 19:46:33.600,77.94999999999999,0.6834191058218076
Endurance Technologies Ltd.,Automobile and Auto Components,1418.8,1419.0,1396.85,1411.7,1410.0,-1.70,231.80374161666077,140419,197643955.07,1989.0,1047.2,-13.14,7.94,2023-04-08 13:14:52.800,985.05,0.7088989441930619
Engineers India Ltd.,Construction,57.0,58.95,56.6,57.0,58.8,1.80,-95.82978723404256,751759,43752373.8,82.5,56.0,-28.39,-8.51,2023-04-09 06:43:12.000,-1351.2,0.7127272727272727
EPL Ltd.,Capital Goods,150.1,159.95,149.3,149.15,156.5,7.35,166.15646258503403,220028,34181349.8,291.0,147.15,-46.73,-9.19,2023-04-10 00:11:31.200,97.7,0.5378006872852233
Equitas Holdings Ltd.,Financial Services,82.4,83.0,81.5,82.0,82.55,0.55,-47.25239616613419,198014,16282691.22,145.0,75.0,-12.77,-12.11,2023-04-10 17:39:50.400,-73.95,0.5693103448275861
Equitas Small Finance Bank Ltd.,Financial Services,39.4,39.5,38.8,39.45,39.5,0.05,-52.15021199273168,160741,6302654.61,76.8,37.45,-33.08,-2.95,2023-04-11 11:08:09.600,-43.05,0.5143229166666667
Eris Lifesciences Ltd.,Healthcare,670.55,670.55,648.45,667.2,651.0,-16.20,1548.1012658227846,8326,5464104.02,863.0,600.3,-5.70,-0.09,2023-04-12 04:36:28.800,611.5,0.7543453070683661
Escorts Kubota Ltd.,Capital Goods,1449.95,1471.7,1424.55,1444.8,1467.2,22.40,125.37634408602152,489734,708072109.22,1934.0,1128.0,18.42,-11.36,2023-04-12 22:04:48.000,816.2,0.7586349534643226
Exide Industries Ltd.,Automobile and Auto Components,137.5,141.95,136.8,137.8,141.95,4.15,-90.32510905125409,854228,119053756.36,204.9,130.25,-24.43,-5.91,2023-04-13 15:33:07.200,-1325.25,0.6927769643728647
Fertilisers and Chemicals Travancore Ltd.,Chemicals,96.4,96.4,93.4,96.4,95.0,-1.40,-33.07502641775273,227181,21543574.23,159.9,82.35,-30.17,-22.51,2023-04-14 09:01:26.400,-46.94999999999999,0.5941213258286429
FDC Ltd.,Healthcare,239.8,255.0,233.45,238.65,248.0,9.35,161.05263157894737,40209,9696400.35,388.7,225.0,-32.58,-3.01,2023-04-15 02:29:45.600,153.0,0.6380241831746849
Federal Bank Ltd.,Financial Services,90.55,94.35,89.3,90.2,94.05,3.85,-62.076612903225815,16073373,1482447191.79,107.65,77.5,3.56,1.52,2023-04-15 19:58:04.800,-153.95,0.8736646539712029
Finolex Cables Ltd.,Capital Goods,374.0,381.95,371.35,376.3,376.3,-,300.1063264221159,49522,18673755.76,608.6,343.5,-27.61,1.51,2023-04-16 13:26:24.000,282.25,0.6183043049622083
Fine Organic Industries Ltd.,Chemicals,4804.45,4898.35,4780.0,4797.9,4840.0,42.10,1186.2078129152271,25788,124989020.52,6139.9,2734.55,65.76,-1.46,2023-04-17 06:54:43.200,4463.7,0.7882864541767781
Finolex Industries Ltd.,Capital Goods,135.8,137.5,134.1,136.2,137.2,1.00,-97.16528925619835,118082,16022546.58,244.5,125.0,-25.96,-13.25,2023-04-18 00:23:02.400,-4702.8,0.5611451942740285
Gujarat Fluorochemicals Ltd.,Chemicals,2800.25,2807.4,2696.95,2774.95,2755.0,-19.95,1908.0174927113703,44957,124253505.31,3198.9,1034.1,138.90,-3.89,2023-04-18 17:51:21.600,2617.8,0.8612335490324798
Fortis Healthcare Ltd.,Healthcare,236.65,238.0,232.3,240.0,235.5,-4.50,-91.4519056261343,536057,125769693.34,313.45,219.75,-1.40,0.82,2023-04-19 11:19:40.800,-2519.5,0.7513159993619397
Firstsource Solutions Ltd.,Information Technology,102.5,104.3,101.35,102.9,103.7,0.80,-55.966029723991504,1265235,130116767.4,242.85,93.0,-44.96,-7.34,2023-04-20 04:48:00.000,-131.8,0.4270125591929175
Gujarat Ambuja Exports Ltd.,Fast Moving Consumer Goods,280.0,282.6,268.05,282.7,273.15,-9.55,163.404050144648,245672,67483641.68,394.15,150.05,62.85,-15.99,2023-04-20 22:16:19.200,169.45,0.6930102752759102
GAIL (India) Ltd.,Oil Gas & Consumable Fuels,134.1,136.4,131.0,135.2,132.6,-2.60,-51.455244371224595,10077624,1336595271.12,173.5,125.2,-9.66,-8.15,2023-04-21 15:44:38.400,-140.54999999999998,0.7642651296829971
Galaxy Surfactants Ltd.,Chemicals,2934.6,2934.6,2838.0,2920.05,2849.95,-70.10,2049.2835595776774,18915,53998352.85,3585.65,2585.0,-3.40,1.68,2023-04-22 09:12:57.600,2717.35,0.7948210226876576
Garware Technical Fibres Ltd.,Textiles,3093.75,3093.75,2972.35,3078.35,3000.5,-77.85,5.282548816645916,4359,13258639.53,4030.0,2619.8,-9.01,3.57,2023-04-23 02:41:16.800,150.55000000000018,0.7445409429280397
Great Eastern Shipping Co. Ltd.,Services,395.75,398.9,385.0,395.6,390.25,-5.35,-86.99383436093984,120133,46909533.84,445.0,265.0,1.74,-0.39,2023-04-23 20:09:36.000,-2610.25,0.8769662921348315
General Insurance Corporation of India,Financial Services,114.1,116.4,114.1,115.2,115.95,0.75,-70.28827674567584,90066,10390013.76,211.5,105.0,-44.75,-3.60,2023-04-24 13:37:55.200,-274.3,0.5482269503546099
Gland Pharma Ltd.,Healthcare,2710.0,2710.0,2637.4,2701.7,2641.0,-60.70,2177.705907718844,129469,344517009.0,4350.0,2495.15,-21.10,-5.57,2023-04-25 07:06:14.400,2525.05,0.6071264367816092
Glaxosmithkline Pharmaceuticals Ltd.,Healthcare,1505.0,1527.0,1499.0,1499.6,1499.0,-0.60,-43.241196516471035,54631,82318537.11,1918.75,1450.0,-0.17,-0.80,2023-04-26 00:34:33.600,-1142.0,0.7812377850162866
Glenmark Pharmaceuticals Ltd.,Healthcare,385.2,395.0,382.0,386.35,395.0,8.65,-73.64909939959973,398227,155165168.28,690.95,348.5,-40.79,-1.83,2023-04-26 18:02:52.800,-1104.0,0.5716766770388595
Glenmark Life Sciences Ltd.,Healthcare,441.0,444.5,440.0,444.3,441.8,-2.50,11.848101265822786,15000,6619500.0,799.0,410.0,-,4.96,2023-04-27 11:31:12.000,46.80000000000001,0.5529411764705883
GMM Pfaudler Ltd.,Capital Goods,4355.0,4372.0,4300.05,4345.6,4330.0,-15.60,880.0814848347668,14737,64042138.79,5295.0,3770.0,-7.22,3.63,2023-04-28 04:59:31.200,3888.2,0.817752596789424
GMR Infrastructure Ltd.,Services,34.0,34.75,33.6,34.1,34.5,0.40,-99.20323325635104,4338629,148337725.51,49.15,27.35,7.23,-10.26,2023-04-28 22:27:50.400,-4295.5,0.7019328585961343
Gujarat Narmada Valley Fertilizers and Chemicals Ltd.,Chemicals,566.0,582.0,563.25,571.8,580.5,8.70,1582.6086956521738,1199375,687769600.0,912.0,314.1,51.59,-14.11,2023-04-29 15:56:09.600,546.0,0.6365131578947368
Go Fashion (India) Ltd.,Consumer Services,990.0,999.5,980.0,993.45,988.5,-4.95,70.2842377260982,6325,6258208.0,1339.9,847.3,-,0.84,2023-04-30 09:24:28.800,408.0,0.7377416225091424
Godfrey Phillips India Ltd.,Fast Moving Consumer Goods,1089.0,1089.0,1042.65,1059.15,1061.35,2.20,7.369752149721798,12787,13588233.42,1408.75,933.0,7.91,-8.16,2023-05-01 02:52:48.000,72.84999999999991,0.7533984028393965
Godrej Agrovet Ltd.,Fast Moving Consumer Goods,503.85,507.65,500.6,506.95,502.0,-4.95,-52.70174777406134,22224,11190895.2,746.8,441.0,-20.06,-5.71,2023-05-01 20:21:07.200,-559.3499999999999,0.6722013926084628
Godrej Consumer Products Ltd.,Fast Moving Consumer Goods,757.05,785.0,750.55,757.55,782.95,25.40,55.96613545816733,743399,571740736.91,1138.0,660.05,-12.95,-1.23,2023-05-02 13:49:26.400,280.95000000000005,0.6880052724077329
Godrej Industries Ltd.,Fast Moving Consumer Goods,433.85,435.65,424.0,433.85,426.0,-7.85,-45.59039529982758,59044,25182856.44,662.0,405.0,-24.07,-9.29,2023-05-03 07:17:45.600,-356.95000000000005,0.6435045317220544
Godrej Properties Ltd.,Realty,1167.0,1233.45,1167.0,1182.95,1226.0,43.05,187.79342723004694,776473,937738677.37,2598.0,1129.55,-15.37,-15.47,2023-05-04 00:46:04.800,800.0,0.4719014626635874
Gujarat Pipavav Port Ltd.,Services,75.95,78.5,74.5,77.1,78.25,1.15,-93.61745513866232,679600,51744744.0,119.0,70.3,-31.62,-3.99,2023-05-04 18:14:24.000,-1147.75,0.657563025210084
Granules India Ltd.,Healthcare,272.1,279.75,268.9,272.25,278.2,5.95,255.52715654952073,879548,242684884.16,404.8,226.95,-18.14,0.85,2023-05-05 11:42:43.200,199.95,0.6872529644268774
Graphite India Ltd.,Capital Goods,391.0,393.1,383.2,393.05,388.75,-4.30,39.73759884974839,176151,68404717.83,754.0,350.0,-38.33,-11.49,2023-05-06 05:11:02.400,110.55000000000001,0.5155835543766578
Grasim Industries Ltd.,Construction Materials,1320.0,1350.0,1305.3,1320.75,1345.7,24.95,246.1607717041801,516506,686565600.5,1929.8,1276.6,-11.88,-7.55,2023-05-06 22:39:21.600,956.95,0.6973261477873355
Grindwell Norton Ltd.,Capital Goods,1676.6,1703.05,1645.15,1683.05,1680.0,-3.05,24.842089618785756,15338,25625196.6,2018.35,1161.0,35.52,-1.81,2023-05-07 16:07:40.800,334.29999999999995,0.8323630688433622
G R Infraprojects Ltd.,Construction,1105.55,1105.55,1080.3,1100.55,1093.0,-7.55,-34.94047619047619,6544,7140616.48,2267.65,1078.85,-,-22.37,2023-05-08 09:36:00.000,-587.0,0.48199678080832575
Gujarat State Fertilizers & Chemicals Ltd.,Chemicals,131.3,131.8,127.1,132.0,130.6,-1.40,-88.0512351326624,1507206,194535078.42,198.8,98.1,14.09,-20.82,2023-05-09 03:04:19.200,-962.4,0.6569416498993963
Gujarat State Petronet Ltd.,Oil Gas & Consumable Fuels,220.4,221.95,215.55,217.9,217.95,0.05,66.88361408882082,882222,192994884.72,379.2,209.45,-34.64,-14.38,2023-05-09 20:32:38.400,87.35,0.5747626582278481
Gujarat Alkalies & Chemicals Ltd.,Chemicals,683.3,692.95,664.4,689.35,689.0,-0.35,216.12755219086947,215330,146672029.5,1044.7,401.0,71.35,-14.21,2023-05-10 14:00:57.600,471.05,0.6595194792763472
Gujarat Gas Ltd.,Oil Gas & Consumable Fuels,419.0,425.95,416.7,418.85,423.0,4.15,-38.606676342525404,1078048,455033280.32,786.0,403.55,-36.61,-25.11,2023-05-11 07:29:16.800,-266.0,0.5381679389312977
Hindustan Aeronautics Ltd.,Capital Goods,1763.0,1779.7,1727.4,1769.8,1737.7,-32.10,310.80378250591014,430150,750263328.5,1972.55,1010.0,73.20,-3.73,2023-05-12 00:57:36.000,1314.7,0.8809409140452714
Happiest Minds Technologies Ltd.,Information Technology,826.4,826.4,813.0,828.95,816.8,-12.15,-52.99533866605284,227373,186004756.38,1580.0,785.6,-17.44,-8.41,2023-05-12 18:25:55.200,-920.9000000000001,0.5169620253164556
Hathway Cable & Datacom Ltd.,Media Entertainment & Publication,16.3,16.45,16.1,16.25,16.35,0.10,-97.9982859941234,670321,10886013.04,28.7,14.35,-37.26,-10.22,2023-05-13 11:54:14.400,-800.4499999999999,0.5696864111498259
Hatsun Agro Product Ltd.,Fast Moving Consumer Goods,874.7,886.25,869.75,881.15,875.0,-6.15,5251.681957186544,88204,77170561.64,1525.95,837.6,-1.40,-4.76,2023-05-14 05:22:33.600,858.65,0.5734132835282938
Havells India Ltd.,Consumer Durables,1099.85,1120.0,1092.25,1098.2,1111.65,13.45,27.045714285714297,1848135,2049858935.25,1504.45,978.0,12.04,-8.62,2023-05-14 22:50:52.800,236.6500000000001,0.7389079065439197
HCL Technologies Ltd.,Information Technology,964.5,981.45,964.2,973.25,979.05,5.80,-11.928214815814343,2827579,2746681964.81,1377.75,944.05,-1.04,-6.49,2023-05-15 16:19:12.000,-132.60000000000014,0.7106151333696243
Housing Development Finance Corporation Ltd.,Financial Services,2155.0,2224.05,2133.1,2170.85,2205.3,34.45,125.24896583422706,2776869,6047243158.68,3021.1,2026.0,-12.30,-5.89,2023-05-16 09:47:31.200,1226.2500000000002,0.7299659064579128
HDFC Asset Management Company Ltd.,Financial Services,1782.0,1839.0,1779.7,1792.35,1833.3,40.95,-16.868453271663732,447884,814118746.8,3365.0,1690.0,-38.56,-5.51,2023-05-17 03:15:50.400,-372.0000000000002,0.54481426448737
HDFC Bank Ltd.,Financial Services,1343.95,1360.0,1330.05,1348.0,1354.95,6.95,-26.092292587137944,5736226,7722508977.02,1725.0,1271.6,-10.01,-2.95,2023-05-17 20:44:09.600,-478.3499999999999,0.7854782608695653
HDFC Life Insurance Company Ltd.,Financial Services,549.95,567.3,540.55,550.0,567.0,17.00,-58.15343739621388,2052291,1143741774.3,775.65,497.05,-19.86,-8.17,2023-05-18 14:12:28.800,-787.95,0.7309998066138078
H.E.G. Ltd.,Capital Goods,995.8,998.95,963.3,997.85,984.9,-12.95,73.7037037037037,69104,67787568.8,2629.0,890.8,-54.45,-11.08,2023-05-19 07:40:48.000,417.9,0.37462913655382274
Hemisphere Properties India Ltd.,Realty,105.85,106.0,102.75,105.3,105.0,-0.30,-89.33901918976545,462015,48266707.05,165.9,95.0,-23.67,2.43,2023-05-20 01:09:07.200,-879.9,0.6329113924050632
Hero MotoCorp Ltd.,Automobile and Auto Components,2715.0,2770.0,2683.35,2719.7,2758.8,39.10,2527.4285714285716,393346,1075824910.76,2968.95,2146.85,-6.30,-1.95,2023-05-20 18:37:26.400,2653.8,0.9292174000909413
HFCL Ltd.,Telecommunication,55.15,55.7,54.25,55.15,54.95,-0.20,-98.00819196752211,2275417,124943147.47,101.35,51.55,-18.30,-12.39,2023-05-21 12:05:45.600,-2703.8500000000004,0.5421805624074988
Hinduja Global Solutions Ltd.,Services,1075.0,1080.55,1050.05,1067.1,1074.1,7.00,1854.686078252957,180181,193514394.0,3920.0,846.0,-,11.13,2023-05-22 05:34:04.800,1019.1499999999999,0.2740051020408163
Hikal Ltd.,Healthcare,239.85,243.6,234.15,239.0,238.95,-0.05,-77.75346801973745,386423,92262355.48,742.0,212.0,-51.31,-27.67,2023-05-22 23:02:24.000,-835.1499999999999,0.32203504043126685
Hindalco Industries Ltd.,Metals & Mining,335.0,342.9,330.25,338.65,341.8,3.15,43.04247750575436,11278576,3788248106.88,636.0,308.95,-8.98,-19.86,2023-05-23 16:30:43.200,102.85000000000002,0.5374213836477988
Hindustan Copper Ltd.,Metals & Mining,86.1,88.75,85.65,87.1,88.3,1.20,-74.16617905207724,2962596,258130989.48,159.4,81.2,-39.56,-17.13,2023-05-24 09:59:02.400,-253.5,0.5539523212045169
Hindustan Petroleum Corporation Ltd.,Oil Gas & Consumable Fuels,218.0,229.0,216.2,217.2,227.5,10.30,157.6443941109853,8196598,1840464114.92,354.8,206.5,-25.92,-4.65,2023-05-25 03:27:21.600,139.2,0.641206313416009
Hindustan Unilever Ltd.,Fast Moving Consumer Goods,2226.0,2293.0,2203.6,2230.6,2291.0,60.40,907.032967032967,1235612,2788393244.28,2859.3,1901.55,-9.74,-5.21,2023-05-25 20:55:40.800,2063.5,0.8012450599797153
Hindustan Zinc Ltd.,Metals & Mining,246.0,249.0,245.35,249.35,247.75,-1.60,-89.18594500218245,310474,76659135.34,408.6,245.1,-26.51,-17.15,2023-05-26 14:24:00.000,-2043.25,0.6063387175721977
HLE Glascoat Ltd.,Capital Goods,3320.0,3447.9,3252.4,3295.2,3410.0,114.80,1276.3874873864784,13768,46522898.08,7550.0,2950.0,-5.48,-4.13,2023-05-27 07:52:19.200,3162.25,0.45165562913907287
Home First Finance Company India Ltd.,Financial Services,746.95,748.0,726.05,743.7,733.95,-9.75,-78.47653958944282,37017,27411828.84,921.3,525.05,37.40,-4.41,2023-05-28 01:20:38.400,-2676.05,0.7966460436339955
Honeywell Automation India Ltd.,Capital Goods,34069.8,34069.8,33133.65,33787.7,33244.05,-543.65,4429.470672389128,1860,62036431.2,47275.95,30185.35,-19.23,4.96,2023-05-28 18:48:57.600,32510.100000000002,0.7031915804970604
Housing & Urban Development Corporation Ltd.,Financial Services,34.8,35.0,34.6,34.8,34.85,0.05,-99.89516921073094,544695,18949939.05,56.15,30.6,-34.40,-3.20,2023-05-29 12:17:16.800,-33209.200000000004,0.6206589492430988
Indiabulls Real Estate Ltd.,Realty,61.2,62.3,60.15,60.95,61.7,0.75,77.04447632711621,4909229,299462969.0,195.9,60.15,-48.26,-18.90,2023-05-30 05:45:36.000,26.85,0.31495661051556917
Indiabulls Housing Finance Ltd.,Financial Services,94.5,96.4,93.1,94.75,96.2,1.45,55.915721231766604,12436219,1174725246.74,297.8,90.75,-63.70,-19.70,2023-05-30 23:13:55.200,34.5,0.32303559435862994
ICICI Bank Ltd.,Financial Services,703.45,706.75,694.1,707.2,706.0,-1.20,633.8877338877339,9884899,6924865994.45,867.0,629.8,12.09,-6.06,2023-05-31 16:42:14.400,609.8,0.8143021914648212
ICICI Lombard General Insurance Company Ltd.,Financial Services,1120.0,1150.0,1105.85,1120.95,1144.0,23.05,62.03966005665722,228217,258033551.05,1675.0,1071.0,-28.47,-11.45,2023-06-01 10:10:33.600,438.0,0.6829850746268656
ICICI Prudential Life Insurance Company Ltd.,Financial Services,489.0,502.45,484.2,489.0,501.75,12.75,-56.140734265734274,757837,374288115.93,724.3,430.0,-20.19,-6.25,2023-06-02 03:38:52.800,-642.25,0.6927378158221732
Indo Count Industries Ltd.,Textiles,131.25,138.0,130.4,131.05,136.5,5.45,-72.79521674140508,387980,52474295.0,315.0,119.55,-22.98,-12.05,2023-06-02 21:07:12.000,-365.25,0.43333333333333335
IDBI Bank Ltd.,Financial Services,30.9,31.0,30.6,30.8,30.85,0.05,-77.3992673992674,3091913,95076324.75,65.25,30.5,-18.73,-15.96,2023-06-03 14:35:31.200,-105.65,0.4727969348659004
Vodafone Idea Ltd.,Telecommunication,8.35,8.6,8.2,8.4,8.5,0.10,-72.44732576985413,65435996,547699286.52,16.8,4.55,-15.58,-12.50,2023-06-04 08:03:50.400,-22.35,0.5059523809523809
IDFC Ltd.,Financial Services,49.35,51.4,48.65,49.15,50.8,1.65,497.6470588235294,5859079,293422676.32,70.2,41.65,-8.81,-0.61,2023-06-05 01:32:09.600,42.3,0.7236467236467236
IDFC First Bank Ltd.,Financial Services,31.35,32.45,30.6,31.45,32.4,0.95,-36.22047244094488,38981951,1227541636.99,56.25,28.95,-41.97,-13.36,2023-06-05 19:00:28.800,-18.4,0.576
Indian Energy Exchange Ltd.,Financial Services,158.0,161.15,157.0,158.75,159.9,1.15,393.5185185185186,9279366,1476625511.58,318.67,124.45,-57.68,-18.44,2023-06-06 12:28:48.000,127.5,0.5017729940063388
IFB Industries Ltd.,Consumer Durables,903.0,903.0,885.8,899.6,894.9,-4.70,459.66228893058155,6449,5766953.76,1365.85,800.0,-11.98,3.77,2023-06-07 05:57:07.200,735.0,0.6551963978474943
Indraprastha Gas Ltd.,Oil Gas & Consumable Fuels,357.15,361.9,352.6,355.9,359.95,4.05,-59.77762878533915,1103024,394121505.44,602.05,321.0,-36.19,-5.90,2023-06-07 23:25:26.400,-534.95,0.5978739307366499
IIFL Finance Ltd.,Financial Services,323.5,335.0,317.15,323.75,333.5,9.75,-7.348242811501593,526247,172893189.38,396.0,242.9,-,0.76,2023-06-08 16:53:45.600,-26.44999999999999,0.8421717171717171
IIFL Wealth Management Ltd.,Financial Services,1488.5,1550.0,1458.95,1481.05,1543.0,61.95,362.6686656671664,191551,288908711.26,1908.3,1122.35,27.20,-5.45,2023-06-09 10:22:04.800,1209.5,0.808573075512236
Indian Hotels Co. Ltd.,Consumer Services,222.1,228.1,220.4,225.15,226.3,1.15,-85.33376539209331,3902317,873104405.58,268.95,129.17,59.17,-4.19,2023-06-10 03:50:24.000,-1316.7,0.8414203383528538
India Cements Ltd.,Construction Materials,156.5,161.8,154.65,156.5,160.55,4.05,-29.0543526292532,2206090,350724188.2,259.95,145.45,-18.47,-7.45,2023-06-10 21:18:43.200,-65.75,0.617618772840931
Indiamart Intermesh Ltd.,Consumer Services,3822.5,3877.4,3791.05,3809.2,3818.0,8.80,2278.0753659296165,98110,375615116.1,9710.7,3785.1,-45.52,-16.36,2023-06-11 14:47:02.400,3657.45,0.39317453942558206
Indian Bank,Financial Services,148.35,150.75,146.65,149.85,149.65,-0.20,-96.08040859088528,746419,110776043.79,194.95,115.1,3.56,-11.57,2023-06-12 08:15:21.600,-3668.35,0.7676327263400873
InterGlobe Aviation Ltd.,Services,1610.55,1667.0,1591.6,1606.2,1651.8,45.60,1003.7754761109253,692564,1130735391.52,2380.0,1511.75,-6.45,-12.64,2023-06-13 01:43:40.800,1502.1499999999999,0.6940336134453782
Indigo Paints Ltd.,Consumer Durables,1404.5,1405.0,1372.7,1395.65,1388.0,-7.65,-15.970456471727811,12205,16919913.55,2709.0,1353.6,-44.45,-12.79,2023-06-13 19:12:00.000,-263.79999999999995,0.5123661867847914
Indoco Remedies Ltd.,Healthcare,368.25,372.95,365.65,367.05,370.0,2.95,-73.342939481268,21554,7949977.36,530.25,322.7,-11.06,3.94,2023-06-14 12:40:19.200,-1018.0,0.6977840641206978
IndusInd Bank Ltd.,Financial Services,793.0,810.0,783.0,794.35,808.0,13.65,118.37837837837837,2796110,2241976920.2,1242.0,763.2,-21.84,-14.66,2023-06-15 06:08:38.400,438.0,0.6505636070853462
Indus Towers Ltd.,Telecommunication,210.0,210.9,204.5,209.1,208.35,-0.75,-74.21410891089108,2187045,453177594.45,332.8,181.2,-12.38,3.62,2023-06-15 23:36:57.600,-599.65,0.6260516826923076
Infibeam Avenues Ltd.,Information Technology,13.9,14.1,13.4,14.1,13.6,-0.50,-93.47252219822414,2029884,27667318.92,28.05,12.5,-72.81,-4.41,2023-06-16 17:05:16.800,-194.75,0.4848484848484848
Infosys Ltd.,Information Technology,1454.0,1485.0,1442.35,1461.9,1481.0,19.10,10789.705882352942,4651635,6800411271.9,1953.9,1367.15,-7.52,-2.77,2023-06-17 10:33:36.000,1467.4,0.7579712370131532
Inox Leisure Ltd.,Media Entertainment & Publication,509.1,525.0,503.0,508.45,523.2,14.75,-64.67251856853477,441730,226943204.8,563.6,291.0,64.71,0.98,2023-06-18 04:01:55.200,-957.8,0.9283179559971612
Intellect Design Arena Ltd.,Information Technology,635.6,659.0,623.35,633.35,658.95,25.60,25.946100917431192,329488,211271000.48,986.65,562.65,-12.51,-5.89,2023-06-18 21:30:14.400,135.75,0.6678660112501901
Indian Overseas Bank,Financial Services,16.45,16.8,16.1,16.45,16.6,0.15,-97.48084073146673,718064,11840875.36,29.0,15.25,-41.35,-10.11,2023-06-19 14:58:33.600,-642.35,0.5724137931034483
Indian Oil Corporation Ltd.,Oil Gas & Consumable Fuels,75.0,75.15,72.85,74.25,74.7,0.45,350.0,22029311,1629728427.78,94.33,67.7,-31.19,-35.99,2023-06-20 08:26:52.800,58.1,0.7919007738789356
Ipca Laboratories Ltd.,Healthcare,890.25,914.25,890.25,897.5,912.0,14.50,1120.8835341365461,154987,140412022.52,1383.1,831.05,-55.71,-0.57,2023-06-21 01:55:12.000,837.3,0.6593883305617816
IRB Infrastructure Developers Ltd.,Construction,203.0,205.9,198.0,202.25,204.0,1.75,-77.63157894736842,636428,128240242.0,345.85,148.05,25.31,-8.42,2023-06-21 19:23:31.200,-708.0,0.589851091513662
IRCON International Ltd.,Construction,35.95,36.2,35.8,36.05,36.15,0.10,-82.27941176470588,190000,6838100.0,53.4,34.8,-26.13,-9.99,2023-06-22 12:51:50.400,-167.85,0.6769662921348315
Indian Railway Catering And Tourism Corporation Ltd.,Consumer Services,576.2,585.8,575.7,576.2,578.3,2.10,1499.7233748271092,1928361,1117909438.92,1279.26,404.29,-71.67,-16.81,2023-06-23 06:20:09.600,542.15,0.4520582211591076
Indian Railway Finance Corporation Ltd.,Financial Services,19.7,20.05,19.6,19.65,20.0,0.35,-96.54158741137817,2510750,49687742.5,26.4,19.3,-20.93,-7.31,2023-06-23 23:48:28.800,-558.3,0.7575757575757576
ICICI Securities Ltd.,Financial Services,427.1,429.6,412.0,428.9,413.5,-15.40,1967.5,570584,237003476.08,896.05,408.4,-33.08,-4.05,2023-06-24 17:16:48.000,393.5,0.46146978405222927
ITC Ltd.,Fast Moving Consumer Goods,273.5,285.0,271.2,273.5,284.75,11.25,-31.136638452236998,35165665,9842517976.85,285.0,200.9,34.93,1.05,2023-06-25 10:45:07.200,-128.75,0.9991228070175439
ITI Ltd.,Telecommunication,100.65,103.0,97.15,100.65,98.8,-1.85,-65.3028972783143,1243276,124091377.56,143.8,81.0,-23.43,9.58,2023-06-26 04:13:26.400,-185.95,0.6870653685674547
Jamna Auto Industries Ltd.,Automobile and Auto Components,122.2,129.8,122.2,122.15,125.4,3.25,26.923076923076938,6199390,784966761.8,129.8,78.6,44.30,10.64,2023-06-26 21:41:45.600,26.60000000000001,0.9661016949152542
J.B. Chemicals & Pharmaceuticals Ltd.,Healthcare,1578.0,1587.0,1558.9,1572.65,1563.0,-9.65,1146.4114832535884,15467,24327425.62,1985.0,1342.2,-5.56,-3.26,2023-06-27 15:10:04.800,1437.6,0.7874055415617128
Jindal Steel & Power Ltd.,Metals & Mining,326.2,334.6,322.05,329.25,333.0,3.75,-78.69481765834932,4320099,1419973340.31,577.8,304.2,-17.16,-12.86,2023-06-28 08:38:24.000,-1230.0,0.5763239875389409
J.K. Cement Ltd.,Construction Materials,2106.2,2160.9,2100.0,2108.95,2149.0,40.05,545.3453453453453,128324,274755799.64,3838.0,2003.7,-26.04,-11.47,2023-06-29 02:06:43.200,1816.0,0.5599270453361126
JK Lakshmi Cement Ltd.,Construction Materials,416.05,423.45,412.0,420.25,416.95,-3.30,-80.59795253606329,92645,38667243.65,816.0,366.25,-27.22,-5.34,2023-06-29 19:35:02.400,-1732.05,0.510968137254902
JK Paper Ltd.,Forest Materials,298.0,309.75,297.05,295.7,303.25,7.55,-27.269456769396804,2270069,691690024.3,387.4,191.25,39.55,-12.06,2023-06-30 13:03:21.600,-113.69999999999999,0.7827826535880228
JM Financial Ltd.,Financial Services,61.5,61.5,59.5,60.95,59.65,-1.30,-80.32976092333058,368055,22193716.5,117.7,57.1,-31.13,-7.02,2023-07-01 06:31:40.800,-243.6,0.5067969413763806
Jindal Stainless Ltd.,Metals & Mining,100.0,100.6,97.35,99.8,99.8,-,67.30930427493713,492895,48845894.5,224.4,95.05,-8.98,-10.89,2023-07-02 00:00:00.000,40.15,0.44474153297682706
JSW Energy Ltd.,Power,204.3,207.75,199.0,207.95,205.3,-2.65,105.71142284569142,662114,134740199.0,408.0,161.4,23.96,-24.83,2023-07-02 17:28:19.200,105.50000000000001,0.5031862745098039
JSW Steel Ltd.,Metals & Mining,556.55,580.5,556.55,564.5,577.5,13.00,181.29566488066243,3737790,2128073358.6,790.0,520.05,-17.46,2.40,2023-07-03 10:56:38.400,372.2,0.7310126582278481
Jubilant Foodworks Ltd.,Consumer Services,512.25,545.0,508.5,512.25,541.15,28.90,-6.294372294372296,5437843,2894998856.34,918.0,451.2,-83.37,-7.02,2023-07-04 04:24:57.600,-36.35000000000002,0.5894880174291939
Jubilant Ingrevia Ltd.,Chemicals,485.5,490.85,473.05,485.85,476.0,-9.85,-12.039175829252514,163007,78083613.14,838.75,401.2,-7.18,-4.00,2023-07-04 21:53:16.800,-65.14999999999998,0.5675111773472429
Jubilant Pharmova Ltd.,Healthcare,348.8,349.0,281.8,343.7,340.0,-3.70,-28.57142857142857,71858,23945959.92,767.0,281.8,-53.06,-10.55,2023-07-05 15:21:36.000,-136.0,0.44328552803129073
Justdial Ltd.,Consumer Services,560.0,569.1,551.05,565.25,558.0,-7.25,64.11764705882352,194406,108597135.66,1138.0,520.0,-41.18,-14.55,2023-07-06 08:49:55.200,218.0,0.4903339191564148
Jyothy Labs Ltd.,Fast Moving Consumer Goods,148.35,152.5,147.5,149.65,150.0,2.85,-73.11827956989248,771549,115686057.06,187.3,130.15,-3.33,0.44,2023-07-07 02:18:14.400,-408.0,0.800854244527496
Kajaria Ceramics Ltd.,Consumer Durables,947.7,965.0,937.2,947.7,952.0,4.30,534.6666666666666,72125,68652902.5,1374.9,885.3,-3.29,-8.24,2023-07-07 19:46:33.600,802.0,0.6924139937449996
Kalpataru Power Transmission Ltd.,Construction,354.0,358.75,353.15,356.7,354.85,-1.85,-62.72584033613445,17142,6076667.58,496.0,331.8,-16.23,-1.07,2023-07-08 13:14:52.800,-597.15,0.7154233870967742
Kalyan Jewellers India Ltd.,Consumer Durables,58.5,61.8,58.05,59.9,61.3,1.40,-82.72509511061013,501257,30220784.53,83.6,55.05,-23.45,-0.42,2023-07-09 06:43:12.000,-293.55,0.7332535885167464
Kansai Nerolac Paints Ltd.,Consumer Durables,372.35,375.0,368.3,370.5,370.05,-0.45,503.67047308319746,269671,99896925.24,675.0,358.15,-35.59,-7.42,2023-07-10 00:11:31.200,308.75,0.5482222222222223
Karur Vysya Bank Ltd.,Financial Services,44.95,44.95,43.7,44.95,44.25,-0.70,-88.04215646534253,1017461,45022649.25,60.7,38.4,-13.06,-,2023-07-10 17:39:50.400,-325.8,0.728995057660626
Kec International Ltd.,Capital Goods,393.15,393.15,384.1,391.25,386.1,-5.15,772.542372881356,149531,57938776.57,550.0,345.5,-13.59,-1.22,2023-07-11 11:08:09.600,341.85,0.7020000000000001
KEI Industries Ltd.,Capital Goods,1152.55,1208.0,1152.5,1152.55,1200.0,47.45,210.8003108003108,340326,406628311.32,1377.35,687.5,66.21,-6.77,2023-07-12 04:36:28.800,813.9,0.8712382473590591
Krishna Institute of Medical Sciences Ltd.,Healthcare,1182.0,1233.45,1167.0,1184.55,1210.0,25.45,0.8333333333333304,44951,54397452.65,1565.0,937.55,25.08,-9.68,2023-07-12 22:04:48.000,10.0,0.7731629392971247
KNR Constructions Ltd.,Construction,230.5,236.15,228.75,233.05,235.7,2.65,-80.5206611570248,58500,13689585.0,343.9,207.5,-2.31,-10.37,2023-07-13 15:33:07.200,-974.3,0.685373655132306
Kotak Mahindra Bank Ltd.,Financial Services,1645.0,1679.5,1636.0,1661.1,1678.0,16.90,611.9219346627068,2300514,3822234995.58,2253.0,1626.0,-2.62,-10.06,2023-07-14 09:01:26.400,1442.3,0.7447847314691523
KPIT Technologies Ltd.,Information Technology,512.0,514.95,495.4,517.65,500.9,-16.75,-70.14898688915376,940281,471738977.7,801.0,245.2,99.33,-2.39,2023-07-15 02:29:45.600,-1177.1,0.6253433208489388
K.P.R. Mill Ltd.,Textiles,516.0,516.4,506.5,515.65,508.5,-7.15,1.5172689159512975,121702,62085058.28,769.0,304.0,-66.13,-17.94,2023-07-15 19:58:04.800,7.600000000000023,0.6612483745123537
KRBL Ltd.,Fast Moving Consumer Goods,217.0,218.8,215.3,217.85,216.7,-1.15,-57.38446411012783,62909,13657543.9,337.95,184.5,-7.49,-0.86,2023-07-16 13:26:24.000,-291.8,0.6412191152537358
L&T Finance Holdings Ltd.,Financial Services,67.0,68.95,66.3,67.6,68.8,1.70,-68.25103830179972,3855009,260752808.76,95.95,58.5,-27.23,-10.82,2023-07-17 06:54:43.200,-147.89999999999998,0.717040125065138
Dr. Lal Path Labs Ltd.,Healthcare,2167.95,2248.0,2148.45,2160.4,2235.1,74.70,3148.6918604651164,210696,464932328.4,4245.5,1805.55,-33.98,3.63,2023-07-18 00:23:02.400,2166.2999999999997,0.5264633140972794
Latent View Analytics Ltd.,Information Technology,332.0,336.8,330.3,333.95,335.15,1.20,-85.00514518366069,212311,70890642.9,754.9,305.25,-,-16.67,2023-07-18 17:51:21.600,-1899.9499999999998,0.4439660882236058
Laurus Labs Ltd.,Healthcare,464.0,467.1,459.5,464.7,466.8,2.10,39.28091899149635,443092,205311109.12,723.75,436.8,-32.52,-18.11,2023-07-19 11:19:40.800,131.65000000000003,0.6449740932642487
Lakshmi Machine Works Ltd.,Capital Goods,9050.0,9068.0,8876.0,8981.85,9068.0,86.15,1842.5878320479865,1507,13561553.28,11790.0,6499.95,37.88,-3.93,2023-07-20 04:48:00.000,8601.2,0.7691263782866836
LIC Housing Finance Ltd.,Financial Services,326.9,339.25,319.9,327.35,337.0,9.65,-96.28363475959418,2366258,784012263.14,476.55,291.75,-30.35,-13.40,2023-07-20 22:16:19.200,-8731.0,0.7071660896023502
Linde India Ltd.,Chemicals,3150.0,3248.0,3111.0,3198.15,3224.0,25.85,856.6765578635016,40600,129405192.0,4190.0,1564.1,94.42,6.85,2023-07-21 15:44:38.400,2887.0,0.7694510739856802
Macrotech Developers Ltd.,Realty,1060.05,1070.95,1045.0,1069.0,1068.7,-0.30,-66.85173697270471,39067,41512984.87,1539.0,645.0,56.37,10.41,2023-07-22 09:12:57.600,-2155.3,0.6944119558154647
Larsen & Toubro Ltd.,Construction,1560.95,1576.0,1534.6,1558.25,1571.8,13.55,47.07588659118554,1294305,2016255385.95,2078.55,1456.35,3.85,-5.82,2023-07-23 02:41:16.800,503.0999999999999,0.7562002357412618
Larsen & Toubro Infotech Ltd.,Information Technology,3945.0,4015.95,3905.25,3975.45,4000.65,25.20,154.52665733553889,268702,1067066695.38,7588.8,3733.3,-2.35,-6.54,2023-07-23 20:09:36.000,2428.8500000000004,0.5271782099936749
L&T Technology Services Ltd.,Information Technology,2995.0,3027.2,2937.0,3030.8,2984.0,-46.80,-25.412120530413805,364261,1087584995.53,5955.5,2801.0,4.40,-13.46,2023-07-24 13:37:55.200,-1016.6500000000001,0.5010494500881538
Lupin Ltd.,Healthcare,613.1,630.55,608.7,610.95,627.3,16.35,-78.9778820375335,908035,561083906.85,1191.55,583.0,-46.83,-1.24,2023-07-25 07:06:14.400,-2356.7,0.5264571356636314
Lux Industries Ltd.,Textiles,1754.45,1765.0,1729.05,1754.45,1740.0,-14.45,177.37924438067913,15428,26888535.52,4644.0,1684.85,-50.96,-12.56,2023-07-26 00:34:33.600,1112.7,0.37467700258397935
Laxmi Organic Industries Ltd.,Chemicals,283.0,287.35,280.6,284.65,287.0,2.35,-83.50574712643677,338168,96235849.44,628.0,219.6,29.18,-22.65,2023-07-26 18:02:52.800,-1453.0,0.4570063694267516
Mahindra & Mahindra Ltd.,Automobile and Auto Components,1092.4,1113.35,1064.0,1093.15,1107.0,13.85,285.7142857142857,2839545,3101862167.1,1121.45,671.15,40.56,5.68,2023-07-27 11:31:12.000,820.0,0.987114895893709
Mahindra & Mahindra Financial Services Ltd.,Financial Services,176.05,179.7,171.05,175.4,177.2,1.80,-83.99277326106595,2173337,380899042.62,206.35,128.0,11.65,-1.63,2023-07-28 04:59:31.200,-929.8,0.858735158710928
Bank of Maharashtra,Financial Services,15.6,15.7,15.5,15.55,15.65,0.10,-91.16817155756208,892261,13910348.99,26.3,15.0,-38.78,-11.90,2023-07-28 22:27:50.400,-161.54999999999998,0.5950570342205324
Mahindra CIE Automotive Ltd.,Automobile and Auto Components,233.0,233.1,226.1,233.1,229.95,-3.15,1369.3290734824282,276850,63426335.0,312.0,163.95,-1.89,19.63,2023-07-29 15:56:09.600,214.29999999999998,0.7370192307692307
Mahindra Logistics Ltd.,Services,474.0,474.0,455.0,471.65,461.0,-10.65,100.47836486192652,17972,8287068.92,821.0,391.1,-14.55,2.67,2023-07-30 09:24:28.800,231.05,0.561510353227771
Manappuram Finance Ltd.,Financial Services,84.9,89.6,83.65,85.0,88.25,3.25,-80.85683297180043,13581092,1194185419.56,224.5,81.5,-49.63,-11.04,2023-07-31 02:52:48.000,-372.75,0.3930957683741648
C.E. Info Systems Ltd.,Information Technology,1399.9,1421.25,1373.2,1411.9,1407.0,-4.90,1494.3342776203967,83012,116391955.32,1917.4,1128.8,-,6.27,2023-07-31 20:21:07.200,1318.75,0.7338061958902681
Marico Ltd.,Fast Moving Consumer Goods,478.0,493.0,477.6,477.9,492.0,14.10,-65.03198294243072,846365,411604226.8,607.7,455.65,-9.97,-10.45,2023-08-01 13:49:26.400,-915.0,0.8096100049366464
Maruti Suzuki India Ltd.,Automobile and Auto Components,8440.0,8450.0,8305.6,8470.75,8399.95,-70.80,1607.3069105691059,530569,4440634385.33,9050.0,6536.55,12.70,6.33,2023-08-02 07:17:45.600,7907.950000000001,0.9281712707182321
Mastek Ltd.,Information Technology,2130.0,2133.05,2081.3,2145.0,2093.0,-52.00,-75.08318501895846,27911,58699624.1,3669.0,1850.7,-5.34,-19.45,2023-08-03 00:46:04.800,-6306.950000000001,0.5704551648950668
Max Healthcare Institute Ltd.,Healthcare,364.6,367.05,357.0,366.95,360.05,-6.90,-82.79741997133301,326670,118052004.6,458.05,250.6,44.18,-3.52,2023-08-03 18:14:24.000,-1732.95,0.7860495579085253
Mazagoan Dock Shipbuilders Ltd.,Capital Goods,246.7,249.95,241.55,246.25,249.1,2.85,-30.815164560477715,68727,16861482.18,342.4,221.1,1.34,-11.02,2023-08-04 11:42:43.200,-110.95000000000002,0.7275116822429907
United Spirits Ltd.,Fast Moving Consumer Goods,760.5,791.5,754.05,759.75,787.1,27.35,215.97751906864713,2124003,1649755610.16,1019.95,629.1,14.83,-6.13,2023-08-05 05:11:02.400,538.0,0.7717044953183979
Multi Commodity Exchange of India Ltd.,Financial Services,1305.95,1324.45,1275.5,1307.95,1282.95,-25.00,62.99707788082836,433916,564494341.88,2135.0,1143.0,-14.04,-4.64,2023-08-05 22:39:21.600,495.85,0.6009133489461359
Medplus Health Services Ltd.,Consumer Services,770.0,770.0,750.0,767.3,750.1,-17.20,-41.533185237148764,10669,8052107.68,1343.0,708.0,-,-11.22,2023-08-06 16:07:40.800,-532.85,0.5585256887565153
Metro Brands Ltd.,Consumer Durables,600.0,631.25,600.0,598.75,617.5,18.75,-17.677642980935882,582857,359389626.2,673.0,426.0,-,0.39,2023-08-07 09:36:00.000,-132.60000000000002,0.9175334323922734
Metropolis Healthcare Ltd.,Healthcare,1400.0,1439.95,1397.05,1406.45,1435.1,28.65,132.40485829959513,100318,142381337.4,3579.9,1378.05,-50.40,-12.98,2023-08-08 03:04:19.200,817.5999999999999,0.40087711947261095
Max Financial Services Ltd.,Financial Services,782.35,808.4,772.15,782.35,802.2,19.85,-44.10145634450561,320516,254855092.24,1148.05,696.5,-26.22,-1.55,2023-08-08 20:32:38.400,-632.8999999999999,0.6987500544401377
Mahanagar Gas Ltd.,Oil Gas & Consumable Fuels,760.55,771.0,757.05,760.6,770.7,10.10,-3.926701570680624,170132,130261565.8,1212.0,665.8,-33.08,0.56,2023-08-09 14:00:57.600,-31.5,0.6358910891089109
Mahindra Holidays & Resorts India Ltd.,Consumer Services,213.5,231.0,211.1,214.4,227.0,12.60,-70.54625664979889,1395618,315423624.18,274.9,165.43,-14.26,-3.01,2023-08-10 07:29:16.800,-543.7,0.8257548199345217
Minda Industries Ltd.,Automobile and Auto Components,925.0,947.0,900.0,923.15,943.7,20.55,315.726872246696,178456,167143674.16,1257.4,629.15,44.15,0.09,2023-08-11 00:57:36.000,716.7,0.750516939716876
MindTree Ltd.,Information Technology,2874.0,2905.9,2810.0,2887.05,2890.75,3.70,206.32086468157254,582730,1666776791.7,5060.0,2457.55,11.02,-5.27,2023-08-11 18:25:55.200,1947.05,0.5712944664031621
MMTC Ltd.,Services,39.4,40.35,38.9,39.2,39.35,0.15,-98.63876156706736,1476769,58435749.33,64.7,31.0,-30.74,-4.51,2023-08-12 11:54:14.400,-2851.4,0.6081916537867079
MOIL Ltd.,Metals & Mining,141.6,142.9,140.7,140.1,141.85,1.75,260.4828462515883,95406,13533341.1,201.9,137.3,-27.13,-13.01,2023-08-13 05:22:33.600,102.5,0.7025755324418028
Motilal Oswal Financial Services Ltd.,Financial Services,754.1,766.0,745.0,766.5,753.3,-10.20,431.0539302079661,27524,20773739.0,1188.0,714.0,-2.22,-3.33,2023-08-13 22:50:52.800,611.4499999999999,0.634090909090909
MphasiS Ltd.,Information Technology,2279.2,2299.45,2220.1,2294.05,2239.9,-54.15,197.34501526616225,332856,746179938.0,3659.75,2076.05,7.49,-11.55,2023-08-14 16:19:12.000,1486.6000000000001,0.6120363412801421
MRF Ltd.,Automobile and Auto Components,70300.0,72500.0,70300.0,70800.9,71900.0,"1,099.10",3109.9647305683293,5409,386007226.92,87550.0,63000.0,-11.59,-8.82,2023-08-15 09:47:31.200,69660.1,0.8212450028555112
Mangalore Refinery & Petrochemicals Ltd.,Oil Gas & Consumable Fuels,88.05,91.25,81.55,90.6,81.55,-9.05,-99.88657858136301,26739501,2226330853.26,127.65,37.05,76.61,11.65,2023-08-16 03:15:50.400,-71818.45,0.6388562475518996
MTAR Technologies Ltd.,Capital Goods,1279.0,1279.0,1238.95,1271.25,1241.0,-30.25,1421.7657878602085,104163,130305829.74,2563.3,1010.95,12.78,-10.90,2023-08-16 20:44:09.600,1159.45,0.48414153630086215
Muthoot Finance Ltd.,Financial Services,980.0,1048.3,977.1,976.3,1039.8,63.50,-16.212731668009674,1982052,2016083832.84,1721.95,960.4,-34.11,-14.59,2023-08-17 14:12:28.800,-201.20000000000005,0.6038502860129504
Nippon Life India Asset Management Ltd.,Financial Services,270.6,273.9,269.05,271.25,272.0,0.75,-73.84112329294095,205261,55794045.02,476.45,259.0,-25.93,-4.49,2023-08-18 07:40:48.000,-767.8,0.5708888655682653
NATCO Pharma Ltd.,Healthcare,652.0,653.0,642.7,649.8,647.0,-2.80,137.86764705882354,48437,31447237.88,1189.0,607.75,-42.46,-5.96,2023-08-19 01:09:07.200,375.0,0.5441547518923465
National Aluminium Co. Ltd.,Metals & Mining,68.0,68.9,67.0,68.8,68.65,-0.15,-89.38948995363215,16360489,1116276164.47,132.7,67.0,-12.19,-28.48,2023-08-19 18:37:26.400,-578.35,0.5173323285606632
Info Edge (India) Ltd.,Consumer Services,3771.9,3774.0,3606.0,3758.8,3720.65,-38.15,5319.737800436998,413841,1521109841.19,7465.4,3313.0,-23.54,-9.74,2023-08-20 12:05:45.600,3652.0,0.4983858868915263
Navin Fluorine International Ltd.,Chemicals,3665.0,3696.85,3557.95,3651.6,3675.0,23.40,-1.2269361536290768,112850,410425293.5,4329.0,3202.5,-2.60,-6.95,2023-08-21 05:34:04.800,-45.65000000000009,0.8489258489258489
Nazara Technologies Ltd.,Media Entertainment & Publication,670.0,676.9,638.3,671.4,649.9,-21.50,-82.3156462585034,302182,197974537.3,1678.0,475.05,-55.68,-44.79,2023-08-21 23:02:24.000,-3025.1,0.3873063170441001
NBCC (India) Ltd.,Construction,28.5,28.8,28.1,28.4,28.8,0.40,-95.56854900753962,1801802,51189194.82,55.5,26.55,-47.36,-15.35,2023-08-22 16:30:43.200,-621.1,0.518918918918919
NCC Ltd.,Construction,54.05,55.95,53.1,54.1,55.2,1.10,91.66666666666667,2281956,124389421.56,98.5,52.2,-37.71,-16.19,2023-08-23 09:59:02.400,26.400000000000002,0.5604060913705584
NESCO Ltd.,Services,550.0,555.5,545.6,550.85,553.6,2.75,902.8985507246377,12047,6631150.68,696.8,501.95,-9.09,1.71,2023-08-24 03:27:21.600,498.40000000000003,0.7944890929965558
Nestle India Ltd.,Fast Moving Consumer Goods,17400.0,17829.4,17331.05,17470.0,17800.0,330.00,3115.3179190751443,38547,681238432.71,20609.15,16000.0,-0.92,-1.25,2023-08-24 20:55:40.800,17246.4,0.8636940388128573
Network18 Media & Investments Ltd.,Media Entertainment & Publication,68.2,68.75,66.5,69.0,67.45,-1.55,-99.62106741573034,1455769,98468215.16,117.5,46.0,37.86,-8.61,2023-08-25 14:24:00.000,-17732.55,0.5740425531914893
Narayana Hrudayalaya Ltd.,Healthcare,634.1,644.35,631.5,632.55,640.0,7.45,848.8510007412899,50400,32060448.0,777.0,468.3,28.50,-3.38,2023-08-26 07:52:19.200,572.55,0.8236808236808236
NHPC Ltd.,Power,30.65,31.35,30.6,30.75,30.95,0.20,-95.1640625,6808415,211197033.3,37.6,25.3,17.37,-8.62,2023-08-27 01:20:38.400,-609.05,0.8231382978723404
The New India Assurance Company Ltd.,Financial Services,79.8,80.6,78.15,79.8,78.9,-0.90,154.9273021001616,289192,22805681.12,178.4,78.15,-52.95,-21.26,2023-08-27 18:48:57.600,47.95,0.4422645739910314
NLC India Ltd.,Power,63.6,64.25,61.6,63.65,62.75,-0.90,-20.468948035487966,2402689,150240143.17,92.4,49.8,4.26,-15.64,2023-08-28 12:17:16.800,-16.150000000000006,0.6791125541125541
NMDC Ltd.,Metals & Mining,107.15,110.0,106.35,108.2,109.85,1.65,75.05976095617528,5571985,602833057.15,186.9,101.55,-41.23,-14.20,2023-08-29 05:45:36.000,47.099999999999994,0.5877474585339754
NOCIL Ltd.,Chemicals,253.75,254.5,244.35,253.2,247.7,-5.50,125.48930359581246,373166,92500388.08,321.3,190.7,16.92,3.54,2023-08-29 23:13:55.200,137.85,0.7709305944600061
NTPC Ltd.,Power,142.0,143.2,139.75,142.9,141.1,-1.80,-43.035930561162694,9592229,1355381957.7,166.35,111.95,22.77,-8.40,2023-08-30 16:42:14.400,-106.6,0.8482116020438834
Nuvoco Vistas Corporation Ltd.,Construction Materials,299.0,307.4,292.5,296.85,305.0,8.15,116.15875265768958,150042,44912071.86,577.9,260.25,-,-1.54,2023-08-31 10:10:33.600,163.9,0.5277729711022668
FSN E-Commerce Ventures Ltd.,Consumer Services,1399.8,1420.0,1381.4,1406.95,1405.05,-1.90,360.67213114754094,143804,201378807.48,2573.7,1207.5,-,-5.86,2023-09-01 03:38:52.800,1100.05,0.545926098612892
Oberoi Realty Ltd.,Realty,734.35,751.0,731.35,737.65,740.25,2.60,-47.31504216931781,563385,418724633.55,1051.9,605.5,17.14,-8.45,2023-09-01 21:07:12.000,-664.8,0.703726589980036
Oracle Financial Services Software Ltd.,Information Technology,3090.25,3123.9,3044.25,3098.3,3064.05,-34.25,313.92097264437695,61691,188830598.81,5145.0,2950.0,-15.15,-5.94,2023-09-02 14:35:31.200,2323.8,0.5955393586005832
Oil India Ltd.,Oil Gas & Consumable Fuels,245.5,249.45,210.05,251.5,214.2,-37.30,-93.00925245997944,16490601,3699501428.34,306.0,153.1,59.99,5.47,2023-09-03 08:03:50.400,-2849.8500000000004,0.7
Oil & Natural Gas Corporation Ltd.,Oil Gas & Consumable Fuels,148.95,151.15,130.0,151.55,131.4,-20.15,-38.65546218487395,125788305,17143688088.45,194.95,108.5,28.76,0.20,2023-09-04 01:32:09.600,-82.79999999999998,0.6740189792254425
Orient Electric Ltd.,Consumer Durables,272.3,274.95,265.1,272.05,274.3,2.25,108.75190258751903,43089,11637477.12,408.0,244.0,-13.24,-2.79,2023-09-04 19:00:28.800,142.9,0.6723039215686275
Page Industries Ltd.,Textiles,40199.0,41599.9,40124.95,40166.5,41236.6,"1,070.10",14933.394094057601,13064,535251806.64,46737.7,29119.95,36.06,-11.12,2023-09-05 12:28:48.000,40962.299999999996,0.8822984442965743
One 97 Communications Ltd.,Financial Services,672.9,675.7,652.0,675.7,657.7,-18.00,-98.40505764296765,3069693,2027839195.8,1955.0,510.05,-,3.48,2023-09-06 05:57:07.200,-40578.9,0.33641943734015345
PCBL Ltd.,Chemicals,104.0,106.4,103.05,104.75,104.0,-0.75,-84.18731944655619,547189,57274272.63,138.65,89.0,-,-0.76,2023-09-06 23:25:26.400,-553.7,0.7500901550667147
Piramal Enterprises Ltd.,Financial Services,1661.5,1682.9,1626.3,1655.7,1672.0,16.30,1507.6923076923076,536946,887040161.46,3014.95,1560.1,-30.96,-12.63,2023-09-07 16:53:45.600,1568.0,0.554569727524503
Persistent Systems Ltd.,Information Technology,3385.0,3422.25,3270.05,3401.8,3329.0,-72.80,99.10287081339713,234003,777882132.72,4987.5,2725.05,15.75,-9.52,2023-09-08 10:22:04.800,1657.0,0.667468671679198
Petronet LNG Ltd.,Oil Gas & Consumable Fuels,215.3,222.4,214.8,217.3,220.6,3.30,-93.37338540102132,2021428,439842518.52,243.55,190.25,-3.76,-4.23,2023-09-09 03:50:24.000,-3108.4,0.9057688359679736
Power Finance Corporation Ltd.,Financial Services,104.3,106.1,103.2,104.45,105.9,1.45,-51.99456029011786,2843672,298670870.16,153.75,97.1,-18.91,-6.20,2023-09-09 21:18:43.200,-114.69999999999999,0.6887804878048781
Pfizer Ltd.,Healthcare,4105.0,4117.95,4077.5,4080.35,4103.0,22.65,3774.4098205854575,4025,16489096.75,6175.0,4060.0,-28.05,-5.39,2023-09-10 14:47:02.400,3997.1,0.6644534412955465
Procter & Gamble Hygiene & Health Care Ltd.,Fast Moving Consumer Goods,13330.0,13450.0,13224.6,13369.15,13450.0,80.85,227.8089203022179,23356,311314226.04,16448.7,12310.1,0.47,-3.25,2023-09-11 08:15:21.600,9347.0,0.8176937995099917
Procter & Gamble Health Ltd.,Healthcare,4192.0,4194.25,4102.1,4190.85,4111.0,-79.85,-69.43494423791822,3956,16433184.44,5851.75,3901.05,-24.49,-1.82,2023-09-12 01:43:40.800,-9339.0,0.7025248857179476
Phoenix Mills Ltd.,Realty,1183.7,1214.0,1162.8,1183.7,1173.05,-10.65,-71.46558015081489,172501,205640167.11,1244.95,793.4,45.21,1.44,2023-09-12 19:12:00.000,-2937.95,0.9422466765733563
Pidilite Industries Ltd.,Chemicals,2099.95,2164.35,2082.8,2089.9,2158.0,68.10,83.9648778824432,501109,1067727979.57,2764.7,1988.55,-2.97,-6.93,2023-09-13 12:40:19.200,984.95,0.7805548522443665
PI Industries Ltd.,Chemicals,2559.5,2590.25,2511.95,2559.5,2576.1,16.60,19.374420759962916,79059,202265336.19,3534.9,2333.55,-12.06,-7.21,2023-09-14 06:08:38.400,418.0999999999999,0.728761775439192
Punjab National Bank,Financial Services,29.05,29.6,28.75,29.0,29.55,0.55,-98.85291720041924,17767070,518087761.2,48.2,28.05,-31.44,-7.50,2023-09-14 23:36:57.600,-2546.5499999999997,0.6130705394190871
PNB Housing Finance Ltd.,Financial Services,329.55,329.55,324.65,330.3,327.55,-2.75,1008.4602368866329,59692,19533610.08,784.4,311.45,-,1.55,2023-09-15 17:05:16.800,298.0,0.41758031616522184
PNC Infratech Ltd.,Construction,243.0,243.0,236.05,242.15,237.65,-4.50,-27.446191421157074,90779,21687103.1,395.9,219.0,-16.05,-1.16,2023-09-16 10:33:36.000,-89.9,0.6002778479413994
PB Fintech Ltd.,Financial Services,571.95,603.0,571.4,572.95,585.05,12.10,146.18135914159475,543062,322052057.86,1470.0,540.1,-,-13.67,2023-09-17 04:01:55.200,347.4,0.3979931972789115
Polycab India Ltd.,Capital Goods,2202.5,2216.8,2156.25,2201.2,2180.0,-21.20,272.6177249807709,409500,894397140.0,2820.0,1762.0,11.45,-9.85,2023-09-17 21:30:14.400,1594.95,0.7730496453900709
Poly Medicure Ltd.,Healthcare,750.9,769.15,729.4,750.85,738.95,-11.90,-66.10321100917432,23654,17687988.12,1094.25,651.1,-26.14,0.14,2023-09-18 14:58:33.600,-1441.05,0.6753027187571397
Polyplex Corporation Ltd.,Capital Goods,2204.0,2248.65,2167.95,2202.3,2236.0,33.70,202.5915149874822,146621,324750852.9,2870.2,1325.45,58.75,-6.98,2023-09-19 08:26:52.800,1497.05,0.779039788168072
Poonawalla Fincorp Ltd.,Financial Services,227.5,232.0,224.1,227.7,230.45,2.75,-89.69364937388194,2033688,465165456.24,343.8,140.75,-,-12.24,2023-09-20 01:55:12.000,-2005.55,0.6703025014543339
Power Grid Corporation of India Ltd.,Power,211.05,212.9,205.2,211.9,206.55,-5.35,-10.371013234975035,8350248,1735766051.76,248.35,167.15,-8.82,-9.02,2023-09-20 19:23:31.200,-23.899999999999977,0.8316891483793035
Hitachi Energy India Ltd.,Capital Goods,3168.3,3175.0,3092.0,3151.7,3100.0,-51.70,1400.8472524812394,17764,55873997.4,4042.6,1741.0,66.73,-10.72,2023-09-21 12:51:50.400,2893.45,0.7668332261415921
Praj Industries Ltd.,Capital Goods,364.9,364.9,357.4,363.9,358.5,-5.40,-88.43548387096774,207864,74752051.68,448.0,289.05,-,6.17,2023-09-22 06:20:09.600,-2741.5,0.8002232142857143
Prestige Estates Projects Ltd.,Realty,385.0,391.75,381.1,387.15,387.4,0.25,8.061366806136672,209983,81070236.64,554.9,284.0,33.71,-9.79,2023-09-22 23:48:28.800,28.899999999999977,0.6981438096954407
Prince Pipes and Fittings Ltd.,Capital Goods,593.15,603.0,590.15,598.15,594.5,-3.65,53.45895715023232,51385,30605933.7,897.0,549.3,-16.74,-4.99,2023-09-23 17:16:48.000,207.10000000000002,0.6627647714604237
Privi Speciality Chemicals Ltd.,Chemicals,1075.75,1076.0,1040.0,1087.3,1072.0,-15.30,80.31959629941127,16783,17740470.15,2249.0,1015.3,-2.00,-6.87,2023-09-24 10:45:07.200,477.5,0.4766562916851934
Prism Johnson Ltd.,Construction Materials,107.95,108.45,106.1,107.95,107.5,-0.45,-89.97201492537313,24056,2587222.8,160.0,96.65,-17.34,-,2023-09-25 04:13:26.400,-964.5,0.671875
PVR Ltd.,Media Entertainment & Publication,1860.85,1895.0,1828.9,1860.85,1888.0,27.15,1656.279069767442,358082,664456959.2,2003.8,1224.05,39.43,1.13,2023-09-25 21:41:45.600,1780.5,0.942209801377383
Quess Corp Ltd.,Services,613.5,613.5,592.1,613.65,598.5,-15.15,-68.29978813559322,76594,46016143.32,989.9,527.4,-24.98,-12.84,2023-09-26 15:10:04.800,-1289.5,0.6046065259117083
Radico Khaitan Ltd,Fast Moving Consumer Goods,872.0,898.9,860.25,872.5,871.85,-0.65,45.672514619883046,257073,226039147.44,1294.0,723.2,14.94,8.47,2023-09-27 08:38:24.000,273.35,0.6737635239567233
Railtel Corporation Of India Ltd.,Telecommunication,91.15,91.65,90.7,91.1,91.05,-0.05,-89.55668979755693,162424,14801699.12,150.4,84.0,-35.57,-6.28,2023-09-28 02:06:43.200,-780.8000000000001,0.6053856382978723
Rain Industries Ltd,Chemicals,145.5,149.55,144.1,146.5,148.75,2.25,63.37177375068643,946679,139067145.1,272.75,128.6,-24.74,-12.85,2023-09-28 19:35:02.400,57.7,0.5453712190650779
Rajesh Exports Ltd.,Consumer Durables,622.0,630.85,615.0,625.4,621.0,-4.40,317.4789915966387,128888,79999492.72,994.7,518.5,10.77,15.46,2023-09-29 13:03:21.600,472.25,0.6243088368352266
Rallis India Ltd.,Chemicals,189.0,189.6,186.35,188.65,188.8,0.15,-69.59742351046698,219820,41279997.8,341.85,182.5,-41.94,-5.77,2023-09-30 06:31:40.800,-432.2,0.552289015650139
The Ramco Cements Ltd.,Construction Materials,634.0,648.95,613.75,636.8,646.0,9.20,242.1610169491525,327788,209502422.32,1132.7,575.65,-37.92,-8.87,2023-10-01 00:00:00.000,457.2,0.5703187075130219
Ratnamani Metals & Tubes Ltd.,Capital Goods,1634.05,1659.7,1553.55,1654.4,1580.0,-74.40,144.58204334365323,107552,170150490.56,1913.7,1237.07,-19.33,-37.18,2023-10-01 17:28:19.200,934.0,0.8256257511626691
Restaurant Brands Asia Ltd.,Consumer Services,112.0,113.05,108.85,111.0,109.7,-1.30,-93.05696202531647,978252,108732709.8,189.7,86.5,-,14.20,2023-10-02 10:56:38.400,-1470.3,0.5782814971006853
RBL Bank Ltd.,Financial Services,82.95,86.7,82.1,83.45,85.95,2.50,-21.649954421148585,16258460,1376278639.0,226.4,74.15,-60.36,-25.69,2023-10-03 04:24:57.600,-23.75,0.37963780918727913
Rashtriya Chemicals & Fertilizers Ltd.,Chemicals,77.95,78.7,76.1,78.15,78.7,0.55,-8.435136707388013,1110880,86082091.2,112.65,66.0,-6.52,-18.34,2023-10-03 21:53:16.800,-7.25,0.698624056813138
REC Ltd.,Financial Services,122.8,126.0,120.1,123.75,125.75,2.00,59.78398983481574,19076925,2358671007.0,168.85,109.65,-16.69,3.86,2023-10-04 15:21:36.000,47.05,0.7447438554930412
Redington (India) Ltd.,Services,125.0,128.0,122.6,125.55,127.4,1.85,1.312127236580518,1081859,135340560.9,179.2,109.4,-53.05,-3.42,2023-10-05 08:49:55.200,1.6500000000000057,0.7109375000000001
Relaxo Footwears Ltd.,Consumer Durables,961.0,979.0,960.1,963.85,970.45,6.60,661.734693877551,41820,40657822.2,1448.0,925.0,-16.33,-2.75,2023-10-06 02:18:14.400,843.0500000000001,0.670200276243094
Reliance Industries Ltd.,Oil Gas & Consumable Fuels,2574.9,2592.0,2365.0,2595.65,2406.0,-189.65,147.92621979494047,37841671,92119871798.85,2856.15,2016.25,22.98,-1.41,2023-10-06 19:46:33.600,1435.55,0.8423927314741873
Shree Renuka Sugars Ltd.,Fast Moving Consumer Goods,46.5,46.5,45.1,46.4,45.6,-0.80,-98.10473815461347,8262303,377752493.16,63.2,21.5,17.92,-1.07,2023-10-07 13:14:52.800,-2360.4,0.7215189873417721
RHI MAGNESITA INDIA LTD.,Capital Goods,502.5,513.95,497.65,501.5,501.95,0.45,1000.7675438596491,165626,83506972.94,674.0,317.3,-,-6.55,2023-10-08 06:43:12.000,456.34999999999997,0.7447329376854599
RITES Ltd.,Construction,234.0,235.15,232.25,234.85,234.95,0.10,-53.19254905867119,29804,6981288.96,317.9,226.2,-14.96,-4.78,2023-10-09 00:11:31.200,-267.0,0.7390688895879207
Rossari Biotech Ltd.,Chemicals,880.8,882.0,850.4,873.05,874.8,1.75,272.33453926367315,20002,17471947.02,1619.0,795.1,-26.84,0.05,2023-10-09 17:39:50.400,639.8499999999999,0.5403335392217418
Route Mobile Ltd.,Telecommunication,1242.0,1290.0,1241.05,1242.85,1267.0,24.15,44.83310470964792,655866,830962546.02,2389.0,1052.0,-27.88,-10.73,2023-10-10 11:08:09.600,392.20000000000005,0.5303474257011301
RattanIndia Enterprises Ltd.,Services,43.0,43.2,41.2,42.4,41.75,-0.65,-96.70481452249408,622861,26029361.19,71.0,30.5,-,-13.91,2023-10-11 04:36:28.800,-1225.25,0.5880281690140845
Rail Vikas Nigam Ltd.,Construction,30.1,30.25,29.8,30.0,30.0,-,-28.143712574850298,763473,22896555.27,44.8,27.5,-10.98,-7.41,2023-10-11 22:04:48.000,-11.75,0.6696428571428572
Steel Authority of India Ltd.,Metals & Mining,68.2,70.2,67.85,68.55,69.9,1.35,133.0,20563587,1415391693.21,145.9,63.6,-47.51,-9.74,2023-10-12 15:33:07.200,39.900000000000006,0.47909527073337904
Sanofi India Ltd.,Healthcare,6415.0,6435.05,6333.0,6437.4,6376.85,-60.55,9022.818311874105,11452,72904577.2,9285.0,6333.0,-16.10,-5.92,2023-10-13 09:01:26.400,6306.950000000001,0.686790522347873
Sapphire Foods India Ltd.,Consumer Services,1084.0,1104.0,1070.45,1085.0,1086.0,1.00,-82.96964802371076,145969,157913643.27,1540.0,909.0,-,2.09,2023-10-14 02:29:45.600,-5290.85,0.7051948051948052
Saregama India Ltd,Media Entertainment & Publication,362.9,368.95,353.65,361.95,359.95,-2.00,-66.85543278084715,120158,43447931.22,550.59,295.3,-,-16.26,2023-10-14 19:58:04.800,-726.05,0.6537532465173722
SBI Cards and Payment Services Ltd.,Financial Services,767.8,777.55,763.75,768.25,771.85,3.60,114.4325600777886,1073345,829083878.35,1165.0,655.7,-20.83,-1.51,2023-10-15 13:26:24.000,411.90000000000003,0.6625321888412017
SBI Life Insurance Company Ltd.,Financial Services,1085.45,1105.35,1075.0,1081.6,1100.25,18.65,42.54712703245449,696341,760118872.19,1293.25,996.05,7.29,-7.88,2023-10-16 06:54:43.200,328.4,0.8507635801275856
State Bank of India,Financial Services,463.35,468.8,460.55,465.9,468.5,2.60,-57.418768461713256,9405495,4374119504.7,549.0,401.25,11.14,-0.47,2023-10-17 00:23:02.400,-631.75,0.8533697632058288
Schaeffler India Ltd.,Automobile and Auto Components,2289.0,2289.0,2250.0,2290.5,2260.0,-30.50,382.3906083244397,46062,104262718.86,9700.0,1598.0,-59.35,-0.44,2023-10-17 17:51:21.600,1791.5,0.2329896907216495
Shipping Corporation of India Ltd.,Services,97.25,98.0,95.75,97.65,96.85,-0.80,-95.7146017699115,367655,35618416.4,160.2,85.6,-11.79,-17.42,2023-10-18 11:19:40.800,-2163.15,0.6045568039950062
Sequent Scientific Ltd.,Healthcare,93.55,93.55,91.2,92.85,93.0,0.15,-3.9752194114610173,625299,57690085.74,328.7,82.0,-70.32,-15.78,2023-10-19 04:48:00.000,-3.8499999999999943,0.2829327654396106
Sheela Foam Ltd.,Consumer Durables,2649.0,2679.0,2612.0,2660.45,2651.0,-9.45,2750.537634408602,3071,8128230.67,4055.0,2185.6,19.27,-11.46,2023-10-19 22:16:19.200,2558.0,0.6537607891491986
Shilpa Medicare Ltd.,Healthcare,389.35,398.0,381.0,389.35,397.75,8.40,-84.99622783855149,69762,27260896.74,670.4,380.0,-27.78,-10.37,2023-10-20 15:44:38.400,-2253.25,0.5933025059665872
Shree Cement Ltd.,Construction Materials,19050.0,19272.0,18898.85,19009.7,19233.05,223.35,4735.461973601508,17699,338754081.27,31469.95,17865.2,-30.89,-14.05,2023-10-21 09:12:57.600,18835.3,0.6111560393327603
Shriram City Union Finance Ltd.,Financial Services,1660.55,1707.05,1657.25,1660.55,1705.9,45.35,-91.13037193788817,35205,59115883.95,2602.0,1416.05,-3.06,-3.26,2023-10-22 02:41:16.800,-17527.149999999998,0.6556110684089163
Shyam Metalics and Energy Ltd.,Metals & Mining,282.0,282.45,275.7,280.45,277.0,-3.45,-83.76223694237646,62789,17444667.87,461.15,273.1,-24.12,-10.36,2023-10-22 20:09:36.000,-1428.9,0.6006722324623225
Siemens Ltd.,Capital Goods,2381.0,2425.0,2366.3,2400.45,2410.0,9.55,770.0361010830325,208443,502199635.47,2576.85,1920.0,18.77,-1.38,2023-10-23 13:37:55.200,2133.0,0.935250402623358
SIS Ltd.,Services,456.0,456.0,449.8,453.9,452.0,-1.90,-81.2448132780083,29489,13327553.55,560.0,420.0,5.56,-3.31,2023-10-24 07:06:14.400,-1958.0,0.8071428571428572
SJVN Ltd.,Power,26.8,27.55,26.7,26.9,27.4,0.50,-93.93805309734513,834442,22588344.94,33.75,25.35,-3.58,-2.36,2023-10-25 00:34:33.600,-424.6,0.8118518518518518
SKF India Ltd.,Capital Goods,3620.0,3786.65,3578.05,3637.8,3720.0,82.20,13476.642335766424,68901,249967315.92,4239.95,2502.3,35.72,1.10,2023-10-25 18:02:52.800,3692.6,0.8773688368966616
Sobha Ltd.,Realty,569.0,577.9,551.3,577.05,555.0,-22.05,-85.08064516129032,338751,191191064.4,1044.95,462.0,22.50,4.99,2023-10-26 11:31:12.000,-3165.0,0.5311258911909661
Solara Active Pharma Sciences Ltd.,Healthcare,350.0,354.55,341.0,352.3,346.0,-6.30,-37.65765765765766,56960,19701324.8,1827.0,320.0,-79.09,-15.14,2023-10-27 04:59:31.200,-209.0,0.1893814997263273
Solar Industries India Ltd.,Chemicals,2725.2,2769.95,2702.2,2745.3,2715.0,-30.30,684.6820809248554,53477,145652096.28,3189.95,1550.0,73.21,4.78,2023-10-27 22:27:50.400,2369.0,0.8511105189736516
Sona BLW Precision Forgings Ltd.,Automobile and Auto Components,551.1,570.0,547.0,553.8,569.0,15.20,-79.04235727440148,352045,197391631.5,839.9,333.25,61.79,-0.65,2023-10-28 15:56:09.600,-2146.0,0.6774616025717347
Sonata Software Ltd.,Information Technology,669.45,671.95,655.0,669.45,655.0,-14.45,15.114235500878737,57392,38285055.36,1024.9,610.1,-10.36,-2.29,2023-10-29 09:24:28.800,86.0,0.6390867401697726
Sun Pharma Advanced Research Company Ltd.,Healthcare,209.1,209.7,202.35,209.1,204.0,-5.10,-68.85496183206106,145955,29906179.5,349.0,170.45,-8.99,-5.94,2023-10-30 02:52:48.000,-451.0,0.5845272206303725
Spicejet Ltd.,Services,37.9,39.5,37.7,38.15,39.05,0.90,-80.8578431372549,2091895,81416553.4,87.3,37.15,-52.90,-19.60,2023-10-30 20:21:07.200,-164.95,0.44730813287514315
SRF Ltd.,Chemicals,2230.0,2239.75,2133.05,2252.2,2161.4,-90.80,5434.955185659412,809031,1754035840.17,2773.35,1418.8,-69.04,-8.60,2023-10-31 13:49:26.400,2122.35,0.7793462779670796
Shriram Transport Finance Co. Ltd.,Financial Services,1266.2,1274.8,1238.5,1281.35,1264.0,-17.35,-41.519385583418156,1071657,1348476719.67,1696.4,1002.0,-4.57,8.94,2023-11-01 07:17:45.600,-897.4000000000001,0.7451072860174487
Strides Pharma Science Ltd.,Healthcare,325.05,340.0,325.05,330.7,337.0,6.30,-73.33860759493672,632891,210695742.81,818.0,263.35,-56.45,-0.54,2023-11-02 00:46:04.800,-927.0,0.4119804400977995
Star Health and Allied Insurance Company Ltd.,Financial Services,490.0,490.0,469.05,488.7,475.9,-12.80,41.216617210682486,1600279,758932315.75,940.0,469.05,-,-28.43,2023-11-02 18:14:24.000,138.89999999999998,0.5062765957446809
Sterlite Technologies Ltd.,Telecommunication,148.5,150.1,145.05,148.45,147.5,-0.95,-69.00609371716747,374778,55276007.22,318.0,135.5,-43.85,-14.71,2023-11-03 11:42:43.200,-328.4,0.4638364779874214
Sudarshan Chemical Industries Ltd.,Chemicals,419.25,423.8,416.8,419.25,420.0,0.75,184.74576271186442,25363,10650684.59,794.0,402.0,-38.37,-8.27,2023-11-04 05:11:02.400,272.5,0.5289672544080605
Sumitomo Chemical India Ltd.,Chemicals,424.15,425.95,420.95,424.15,422.75,-1.40,0.6547619047619024,84550,35780714.5,492.0,344.25,9.81,-8.49,2023-11-04 22:39:21.600,2.75,0.8592479674796748
Sundaram Finance Ltd.,Financial Services,1735.25,1799.0,1735.25,1761.65,1798.5,36.85,325.4287403903016,6156,10914464.88,2729.0,1555.0,-34.14,8.31,2023-11-05 16:07:40.800,1375.75,0.6590326126786369
Sundram Fasteners Ltd.,Automobile and Auto Components,724.0,752.0,718.45,724.9,747.0,22.10,-58.465387823185985,46481,34167253.48,993.7,673.05,-10.36,-7.08,2023-11-06 09:36:00.000,-1051.5,0.7517359363993157
Sun Pharmaceutical Industries Ltd.,Healthcare,829.9,836.95,825.0,830.6,830.8,0.20,11.218206157965183,2316527,1921188502.18,967.05,664.2,22.97,-3.49,2023-11-07 03:04:19.200,83.79999999999995,0.8591075952639471
Sunteck Realty Ltd.,Realty,498.3,514.0,491.55,496.55,511.0,14.45,-38.49301877708232,1770328,895184056.48,589.9,292.05,68.87,9.73,2023-11-07 20:32:38.400,-319.79999999999995,0.8662485166977454
Sun TV Network Ltd.,Media Entertainment & Publication,413.8,425.7,411.85,412.55,423.5,10.95,-17.12328767123288,2838077,1191935578.46,612.0,402.55,-22.12,-7.40,2023-11-08 14:00:57.600,-87.5,0.6919934640522876
Suprajit Engineering Ltd.,Automobile and Auto Components,330.05,339.75,326.0,332.45,337.25,4.80,-20.36599763872491,108993,36269600.61,474.9,272.05,17.81,-1.79,2023-11-09 07:29:16.800,-86.25,0.7101495051589809
Supreme Industries Ltd.,Capital Goods,1760.05,1780.0,1752.45,1766.85,1761.0,-5.85,422.16456634544113,10943,19356306.69,2693.9,1666.25,-18.37,-3.82,2023-11-10 00:57:36.000,1423.75,0.6536990979620624
Suven Pharmaceuticals Ltd.,Healthcare,460.0,465.0,457.7,462.3,460.1,-2.20,-73.87279954571267,46758,21604066.32,631.75,425.7,-3.68,-7.53,2023-11-10 18:25:55.200,-1300.9,0.7282944202611793
Suzlon Energy Ltd.,Capital Goods,6.75,6.95,6.7,6.85,6.8,-0.05,-98.52206042164747,36152847,244754774.19,13.1,5.7,-14.38,-19.88,2023-11-11 11:54:14.400,-453.3,0.5190839694656488
Sterling and Wilson Renewable Energy Ltd.,Construction,294.8,300.0,290.1,296.6,298.5,1.90,4289.705882352941,97483,28705819.01,509.1,248.1,9.02,-9.71,2023-11-12 05:22:33.600,291.7,0.586328815556865
Symphony Ltd.,Consumer Durables,876.95,879.5,855.05,876.7,865.5,-11.20,189.9497487437186,180991,156613322.21,1215.0,828.0,-14.78,-12.71,2023-11-12 22:50:52.800,567.0,0.7123456790123457
Syngene International Ltd.,Healthcare,550.0,564.1,544.8,554.75,563.0,8.25,-34.95089543616407,135870,75301871.4,700.0,510.05,-4.89,-3.10,2023-11-13 16:19:12.000,-302.5,0.8042857142857143
Tanla Platforms Ltd.,Information Technology,998.0,1004.0,980.3,1004.65,1002.0,-2.65,77.97513321492006,160015,159008505.65,2096.75,780.0,-,-24.38,2023-11-14 09:47:31.200,439.0,0.4778824371050435
Tata Chemicals Ltd.,Chemicals,791.0,804.9,773.35,793.35,800.0,6.65,-20.159680638722556,770388,605756084.4,1158.0,719.3,9.61,-16.36,2023-11-15 03:15:50.400,-202.0,0.690846286701209
Tata Coffee Ltd.,Fast Moving Consumer Goods,193.9,199.0,192.25,193.9,198.25,4.35,-75.21875,568731,111198285.12,254.4,178.6,3.33,-6.58,2023-11-15 20:44:09.600,-601.75,0.7792845911949685
Tata Communications Ltd.,Telecommunication,917.45,937.4,908.9,914.25,931.0,16.75,369.609079445145,283046,261489216.64,1591.95,856.25,-28.97,-7.19,2023-11-16 14:12:28.800,732.75,0.5848173623543453
Tata Consumer Products Ltd.,Fast Moving Consumer Goods,700.0,722.95,697.0,706.35,721.5,15.15,-22.502685284640165,954981,679086989.1,889.0,650.2,-6.37,-7.03,2023-11-17 07:40:48.000,-209.5,0.811586051743532
Tata Elxsi Ltd.,Information Technology,8170.55,8239.0,8022.0,8170.55,8155.15,-15.40,1030.3049203049202,270194,2196669114.18,9420.0,4033.1,89.82,-2.51,2023-11-18 01:09:07.200,7433.65,0.8657271762208067
Tata Investment Corporation Ltd.,Financial Services,1343.5,1343.5,1331.0,1342.15,1340.0,-2.15,-83.56866519929125,8592,11485270.08,1733.9,1118.0,18.73,-12.22,2023-11-18 18:37:26.400,-6815.15,0.7728242689889844
Tata Motors Ltd.,Automobile and Auto Components,410.65,414.6,402.3,411.8,413.7,1.90,-69.1268656716418,14725989,5997895319.7,536.7,268.45,21.26,-7.16,2023-11-19 12:05:45.600,-926.3,0.7708216880939072
Tata Motors Ltd DVR,Automobile and Auto Components,197.7,198.65,192.0,197.8,198.25,0.45,-52.078801063572634,1610634,314927266.02,298.65,129.15,27.45,-7.16,2023-11-20 05:34:04.800,-215.45,0.6638205256989788
Tata Power Co. Ltd.,Power,202.7,207.65,200.6,202.2,207.2,5.00,4.51450189155107,15807993,3224356332.21,298.05,118.4,65.60,-14.01,2023-11-20 23:02:24.000,8.949999999999989,0.6951853715819493
Tata Steel Ltd.,Metals & Mining,866.95,875.0,859.1,867.05,871.2,4.15,320.4633204633205,5476189,4746979672.76,1534.5,827.0,-25.68,-17.87,2023-11-21 16:30:43.200,664.0,0.567741935483871
Tata Steel Long Products Ltd.,Capital Goods,575.0,582.95,564.7,575.6,581.0,5.40,-33.310376492194685,10870,6187856.2,1173.0,534.0,-,-12.96,2023-11-22 09:59:02.400,-290.20000000000005,0.49531116794543906
TCI Express Ltd.,Services,1580.0,1624.85,1580.0,1594.4,1590.25,-4.15,173.7091222030981,31026,49884223.32,2572.0,1280.0,10.80,-1.50,2023-11-23 03:27:21.600,1009.25,0.6182931570762052
TCNS Clothing Co. Ltd.,Textiles,537.0,543.7,526.9,530.8,537.0,6.20,-66.23172457160824,20185,10831069.15,932.0,494.1,-8.98,-10.98,2023-11-23 20:55:40.800,-1053.25,0.5761802575107297
Tata Consultancy Services Ltd.,Information Technology,3260.0,3333.0,3252.05,3267.1,3331.0,63.90,520.2979515828678,1502879,4930344847.4,4043.0,3023.85,-2.35,-2.89,2023-11-24 14:24:00.000,2794.0,0.8238931486519911
Teamlease Services Ltd.,Services,3252.0,3358.0,3203.6,3236.15,3300.0,63.85,-0.9306514560192158,17375,57512466.25,5550.0,2910.0,-10.54,-1.99,2023-11-25 07:52:19.200,-31.0,0.5945945945945946
Tech Mahindra Ltd.,Information Technology,997.0,1014.0,989.3,1000.0,1011.25,11.25,-69.35606060606061,1842102,1848880935.36,1838.0,943.7,-8.71,-15.27,2023-11-26 01:20:38.400,-2288.75,0.5501904243743199
Thermax Ltd.,Capital Goods,2060.0,2079.95,2022.35,2097.15,2036.25,-60.90,101.35970333745364,30977,63452667.26,2347.0,1286.95,41.28,5.16,2023-11-26 18:48:57.600,1025.0,0.8675969322539412
Thyrocare Technologies Ltd.,Healthcare,622.9,627.0,613.2,621.05,617.8,-3.25,-69.65991405770411,33220,20545573.4,1374.9,613.2,-52.69,-5.85,2023-11-27 12:17:16.800,-1418.45,0.449341770310568
Tube Investments of India Ltd.,Automobile and Auto Components,1803.7,1835.0,1751.0,1841.3,1758.0,-83.30,184.55810942052446,88311,157356955.35,2025.0,1081.05,57.56,17.25,2023-11-28 05:45:36.000,1140.2,0.8681481481481481
Timken India Ltd.,Capital Goods,2385.0,2484.75,2385.0,2377.3,2476.0,98.70,40.841865756541516,102059,249572016.83,2730.0,1450.0,61.79,4.26,2023-11-28 23:13:55.200,718.0,0.906959706959707
Titan Company Ltd.,Consumer Durables,1895.0,1954.35,1825.05,1941.25,1944.75,3.50,-21.455977382875602,4064801,7729950765.68,2768.0,1662.5,12.05,-12.40,2023-11-29 16:42:14.400,-531.25,0.7025830924855492
Torrent Pharmaceuticals Ltd.,Healthcare,2850.0,2925.0,2838.05,2860.25,2920.0,59.75,50.147833911813855,157824,457984730.88,3298.5,2484.15,-1.43,0.98,2023-11-30 10:10:33.600,975.25,0.8852508716083068
Torrent Power Ltd.,Power,451.0,460.6,449.4,451.65,460.6,8.95,-84.22602739726027,220456,100386844.16,606.55,415.25,-1.84,-0.96,2023-12-01 03:38:52.800,-2459.4,0.7593768032313908
Trent Ltd.,Consumer Services,1074.15,1088.1,1059.1,1074.15,1078.0,3.85,134.04255319148936,555368,595593304.24,1346.85,838.0,26.39,-4.44,2023-12-01 21:07:12.000,617.4,0.8003860860526414
Trident Ltd.,Textiles,38.65,38.8,37.65,38.7,38.2,-0.50,-96.45640074211502,2633568,100365276.48,70.35,16.3,136.70,-18.87,2023-12-02 14:35:31.200,-1039.8,0.542999289267946
Triveni Turbine Ltd.,Capital Goods,154.15,157.65,154.05,156.35,156.6,0.25,309.94764397905755,126459,19678284.99,231.7,107.1,26.80,-8.19,2023-12-03 08:03:50.400,118.39999999999999,0.6758739749676306
Triveni Engineering & Industries Ltd.,Fast Moving Consumer Goods,237.0,237.0,225.7,236.45,229.7,-6.75,46.67943805874841,543017,124758155.75,374.5,159.45,22.77,-19.19,2023-12-04 01:32:09.600,73.1,0.6133511348464619
TTK Prestige Ltd.,Consumer Durables,828.0,833.4,816.95,830.75,830.0,-0.75,261.3408794079234,17948,14811048.56,1264.65,744.7,-91.14,-0.14,2023-12-04 19:00:28.800,600.3,0.6563080694263235
Tata Teleservices (Maharashtra) Ltd.,Telecommunication,121.4,122.7,118.5,121.1,119.4,-1.70,-85.6144578313253,2252618,269660900.78,290.15,32.75,-,-3.43,2023-12-05 12:28:48.000,-710.6,0.4115112872652077
TV18 Broadcast Ltd.,Media Entertainment & Publication,39.1,39.45,38.4,38.95,39.1,0.15,-67.25293132328308,4948800,192508320.0,82.6,33.2,-9.21,-3.35,2023-12-06 05:57:07.200,-80.30000000000001,0.4733656174334141
TVS Motor Company Ltd.,Automobile and Auto Components,837.5,886.3,827.3,841.95,836.05,-5.90,2038.2352941176468,3263584,2765887440.0,886.3,495.0,35.69,14.31,2023-12-06 23:25:26.400,796.9499999999999,0.9433036217984881
United Breweries Ltd.,Fast Moving Consumer Goods,1453.8,1509.0,1440.0,1452.8,1501.95,49.15,79.64834639076612,174055,256786822.6,1785.8,1274.5,0.45,-5.81,2023-12-07 16:53:45.600,665.9000000000001,0.841051629521783
UCO Bank,Financial Services,11.0,11.2,10.75,10.95,11.05,0.10,-99.26428975664969,1157345,12707648.1,15.9,10.55,-27.96,-5.60,2023-12-08 10:22:04.800,-1490.9,0.6949685534591196
UFLEX Ltd.,Capital Goods,580.6,583.0,568.05,580.6,579.0,-1.60,5139.819004524887,59052,34016314.08,719.0,427.0,2.08,-5.34,2023-12-09 03:50:24.000,567.95,0.8052851182197497
UltraTech Cement Ltd.,Construction Materials,5600.0,5699.75,5485.0,5607.3,5690.0,82.70,882.7288428324698,329610,1855160443.5,8269.0,5157.05,-17.25,-7.81,2023-12-09 21:18:43.200,5111.0,0.6881122263877132
Union Bank of India,Financial Services,34.4,34.65,34.0,34.25,34.55,0.30,-99.39279437609841,2376699,81520775.7,54.8,32.7,-11.15,-9.51,2023-12-10 14:47:02.400,-5655.45,0.6304744525547445
UPL Ltd.,Chemicals,630.0,646.0,621.95,632.4,642.85,10.45,1760.6367583212736,3575548,2276015079.4,852.4,607.5,-20.24,-18.88,2023-12-11 08:15:21.600,608.3000000000001,0.7541647114030972
UTI Asset Management Company Ltd.,Financial Services,643.0,643.0,628.05,645.9,640.0,-5.90,-0.44333825931399673,46115,29270573.95,1216.2,595.0,-24.34,-5.71,2023-12-12 01:43:40.800,-2.8500000000000227,0.5262292386120704
Vaibhav Global Ltd.,Consumer Services,301.0,306.95,287.9,299.9,303.0,3.10,-52.65625000000001,131705,39561547.9,860.0,287.9,-62.43,-10.68,2023-12-12 19:12:00.000,-337.0,0.35232558139534886
Vakrangee Ltd.,Information Technology,26.75,27.5,26.15,26.75,26.7,-0.05,-91.1881188118812,2363491,62963400.24,47.2,23.55,-35.93,-6.47,2023-12-13 12:40:19.200,-276.3,0.5656779661016949
Varroc Engineering Ltd.,Automobile and Auto Components,300.5,307.45,295.1,299.7,305.1,5.40,1042.6966292134832,134195,40414166.2,493.85,260.0,-18.37,-12.87,2023-12-14 06:08:38.400,278.40000000000003,0.6177989267996356
Varun Beverages Ltd.,Fast Moving Consumer Goods,790.0,809.0,786.2,790.55,790.0,-0.55,158.93149786955095,951574,759584429.76,809.0,472.67,8.35,-25.17,2023-12-14 23:36:57.600,484.9,0.9765142150803461
Vedanta Ltd.,Metals & Mining,221.1,223.6,206.0,223.0,213.7,-9.30,-72.9493670886076,26130465,5596884298.35,440.75,206.0,-15.16,-30.51,2023-12-15 17:05:16.800,-576.3,0.48485536018150877
Venky's (India) Ltd.,Fast Moving Consumer Goods,1897.15,1910.0,1875.75,1896.6,1901.0,4.40,789.5648104819841,8251,15614192.4,3746.0,1772.95,-47.10,-6.86,2023-12-16 10:33:36.000,1687.3,0.5074746396155899
V-Guard Industries Ltd.,Consumer Durables,224.2,226.75,217.1,225.2,218.5,-6.70,-88.50604944765912,212688,47031697.44,274.8,181.0,-15.07,-3.88,2023-12-17 04:01:55.200,-1682.5,0.7951237263464337
Vijaya Diagnostic Centre Ltd.,Healthcare,333.2,361.0,331.55,333.2,351.25,18.05,60.755148741418765,203583,71673430.98,672.0,295.0,-,-8.26,2023-12-17 21:30:14.400,132.75,0.5226934523809523
Vinati Organics Ltd.,Chemicals,1977.0,2024.9,1936.7,1982.9,1983.0,0.10,464.5551601423487,40500,80528580.0,2290.0,1674.2,8.36,-3.20,2023-12-18 14:58:33.600,1631.75,0.865938864628821
V.I.P. Industries Ltd.,Consumer Durables,626.5,631.8,606.4,626.5,618.9,-7.60,-68.78971255673223,125113,77473722.99,774.6,374.0,56.41,8.04,2023-12-19 08:26:52.800,-1364.1,0.7989930286599535
V-Mart Retail Ltd.,Consumer Services,2497.65,2500.0,2425.0,2485.2,2471.0,-14.20,299.25674583939247,28139,69418913.0,4848.8,2406.85,-11.25,-24.14,2023-12-20 01:55:12.000,1852.1,0.5096106253093549
Voltas Ltd.,Consumer Durables,949.8,969.65,938.1,972.4,959.0,-13.40,-61.1898016997167,1129398,1079952955.56,1356.9,922.55,-4.90,-4.48,2023-12-20 19:23:31.200,-1512.0,0.7067580514407841
Vardhman Textiles Ltd.,Textiles,265.45,273.25,262.1,265.05,272.95,7.90,-71.53806047966633,431463,115235138.04,2880.0,245.5,-80.62,-7.58,2023-12-21 12:51:50.400,-686.05,0.09477430555555555
Welspun Corp Ltd.,Capital Goods,217.0,221.55,213.1,218.85,214.65,-4.20,-21.359223300970864,880477,190852194.52,250.65,105.85,52.94,-3.29,2023-12-22 06:20:09.600,-58.29999999999998,0.8563734290843806
Welspun India Ltd.,Textiles,69.6,70.4,68.15,69.45,69.9,0.45,-67.43535988819008,1174496,81275123.2,170.7,62.2,-27.96,6.27,2023-12-22 23:48:28.800,-144.75,0.40949033391915646
Westlife Development Ltd.,Consumer Services,498.0,508.0,490.05,497.3,491.0,-6.30,602.4320457796853,50304,25038816.0,629.0,402.3,-0.46,9.25,2023-12-23 17:16:48.000,421.1,0.78060413354531
Whirlpool of India Ltd.,Consumer Durables,1552.0,1579.8,1538.5,1560.85,1560.0,-0.85,217.71894093686353,62441,97504743.55,2550.0,1365.1,-30.18,-4.90,2023-12-24 10:45:07.200,1069.0,0.611764705882353
Wipro Ltd.,Information Technology,415.0,423.2,411.4,416.05,422.05,6.00,-72.94551282051283,4453624,1855023468.48,739.85,402.05,-23.75,-12.97,2023-12-25 04:13:26.400,-1137.95,0.5704534702980334
Wockhardt Ltd.,Healthcare,206.95,208.8,205.15,208.55,207.0,-1.55,-50.95367847411445,375081,77671773.48,592.0,205.15,-59.74,-19.34,2023-12-25 21:41:45.600,-215.05,0.34966216216216217
Yes Bank Ltd.,Financial Services,12.65,12.75,12.55,12.65,12.7,0.05,-93.86473429951691,18633694,235902566.04,16.25,10.5,-6.64,-3.80,2023-12-26 15:10:04.800,-194.3,0.7815384615384615
Zee Entertainment Enterprises Ltd.,Media Entertainment & Publication,213.0,215.85,210.6,214.1,215.5,1.40,1596.8503937007874,4131369,880807870.8,378.7,166.8,-0.30,-15.33,2023-12-27 08:38:24.000,202.8,0.569052020068656
Zensar Technolgies Ltd.,Information Technology,273.15,273.55,268.4,272.1,270.0,-2.10,25.290023201856137,186578,50467483.22,587.0,246.65,-12.61,-11.02,2023-12-28 02:06:43.200,54.5,0.4599659284497445
ZF Commercial Vehicle Control Systems India Ltd.,Automobile and Auto Components,7748.0,7900.0,7525.3,7716.6,7680.0,-36.60,2744.4444444444443,12790,98846236.0,8780.05,6793.3,-,1.43,2023-12-28 19:35:02.400,7410.0,0.8747102806931624
Zomato Ltd.,Consumer Services,54.15,56.7,52.55,53.85,56.0,2.15,-99.27083333333333,112078641,6193465701.66,169.0,50.05,-,-27.86,2023-12-29 13:03:21.600,-7624.0,0.33136094674556216
Zydus Lifesciences Ltd.,Healthcare,356.9,364.05,354.3,357.0,364.0,7.00,550.0,862373,310014469.77,651.9,319.0,-,-5.64,2023-12-30 06:31:40.800,308.0,0.5583678478294217
Zydus Wellness Ltd.,Fast Moving Consumer Goods,1635.0,1635.0,1605.0,1636.85,1627.0,-9.85,346.978021978022,10803,17495674.56,2476.85,1430.0,-22.08,6.25,2023-12-31 00:00:00.000,1263.0,0.6568827341179321
